-- phpMyAdmin SQL Dump
-- version 4.9.5
-- https://www.phpmyadmin.net/
--
-- Host: 127.0.0.1:3306
-- Generation Time: Mar 27, 2020 at 12:27 PM
-- Server version: 10.2.30-MariaDB
-- PHP Version: 7.2.26

SET SQL_MODE = "NO_AUTO_VALUE_ON_ZERO";
SET AUTOCOMMIT = 0;
START TRANSACTION;
SET time_zone = "+00:00";


/*!40101 SET @OLD_CHARACTER_SET_CLIENT=@@CHARACTER_SET_CLIENT */;
/*!40101 SET @OLD_CHARACTER_SET_RESULTS=@@CHARACTER_SET_RESULTS */;
/*!40101 SET @OLD_COLLATION_CONNECTION=@@COLLATION_CONNECTION */;
/*!40101 SET NAMES utf8mb4 */;

--
-- Database: `u572764790_ks1904`
--

-- --------------------------------------------------------

--
-- Table structure for table `comments`
--

CREATE TABLE `comments` (
  `id` bigint(20) UNSIGNED NOT NULL,
  `robot_id` bigint(20) UNSIGNED NOT NULL,
  `user_id` bigint(20) UNSIGNED DEFAULT NULL,
  `comment_id` bigint(20) UNSIGNED DEFAULT NULL,
  `comment` text NOT NULL,
  `created_at` timestamp NULL DEFAULT NULL,
  `updated_at` timestamp NULL DEFAULT NULL
) ENGINE=InnoDB DEFAULT CHARSET=utf8;

--
-- Dumping data for table `comments`
--

INSERT INTO `comments` (`id`, `robot_id`, `user_id`, `comment_id`, `comment`, `created_at`, `updated_at`) VALUES
(1, 5, 1, NULL, '13', '2019-10-15 07:44:35', '2019-10-15 07:44:35'),
(2, 5, 1, 1, '15', '2019-10-15 07:44:44', '2019-10-15 07:44:44'),
(3, 5, 1, NULL, '13', '2019-10-15 07:44:46', '2019-10-15 07:44:46'),
(8, 7, 1, NULL, 'This is my first comment', '2019-10-18 03:09:37', '2019-10-18 03:09:37'),
(9, 5, 14, NULL, 'TEst comment', '2019-10-18 03:19:53', '2019-10-18 03:19:53'),
(10, 5, 14, 9, 'Comment 2', '2019-10-18 03:20:13', '2019-10-18 03:20:13'),
(12, 9, 3, NULL, 'test', '2019-10-23 00:40:40', '2019-10-23 00:40:40'),
(13, 9, 3, 12, 'reply', '2019-10-23 00:40:48', '2019-10-23 00:40:48'),
(14, 64, 3, NULL, 'hello', '2019-10-23 02:16:53', '2019-10-23 02:16:53'),
(15, 5, 1, NULL, '<script>alert(\'xss\');</script>', '2019-10-23 08:48:11', '2019-10-23 08:48:11'),
(16, 4, 1, NULL, 'new comment', '2019-10-25 04:29:33', '2019-10-25 04:29:33'),
(27, 4, 17, 16, 'hi', '2019-10-31 05:07:10', '2019-10-31 05:07:10'),
(29, 4, 17, NULL, 'comment 1', '2019-10-31 05:51:17', '2019-10-31 05:51:17'),
(30, 4, 1, 16, 'reply', '2019-10-31 05:51:50', '2019-10-31 05:51:50'),
(31, 4, 1, NULL, '<script>alert(\"This is an XSS attack \");</script>', '2019-10-31 05:52:16', '2019-10-31 05:52:16'),
(32, 156, 17, NULL, 'try', '2019-10-31 05:53:58', '2019-10-31 05:53:58');

-- --------------------------------------------------------

--
-- Table structure for table `input_types`
--

CREATE TABLE `input_types` (
  `id` tinyint(3) UNSIGNED NOT NULL,
  `type` tinyint(3) UNSIGNED NOT NULL,
  `name` varchar(255) NOT NULL,
  `created_at` timestamp NULL DEFAULT NULL,
  `updated_at` timestamp NULL DEFAULT NULL
) ENGINE=InnoDB DEFAULT CHARSET=utf8;

--
-- Dumping data for table `input_types`
--

INSERT INTO `input_types` (`id`, `type`, `name`, `created_at`, `updated_at`) VALUES
(1, 0, 'Text', NULL, NULL),
(2, 1, 'Radio button', NULL, NULL),
(3, 2, 'Checkbox', NULL, NULL),
(4, 3, 'Combobox', NULL, NULL),
(5, 10, 'Upload', NULL, NULL);

-- --------------------------------------------------------

--
-- Table structure for table `jobs`
--

CREATE TABLE `jobs` (
  `id` bigint(20) UNSIGNED NOT NULL,
  `queue` varchar(255) NOT NULL,
  `payload` longtext NOT NULL,
  `attempts` tinyint(3) UNSIGNED NOT NULL,
  `reserved_at` int(10) UNSIGNED DEFAULT NULL,
  `available_at` int(10) UNSIGNED NOT NULL,
  `created_at` int(10) UNSIGNED NOT NULL
) ENGINE=InnoDB DEFAULT CHARSET=utf8;

-- --------------------------------------------------------

--
-- Table structure for table `mails`
--

CREATE TABLE `mails` (
  `id` bigint(20) UNSIGNED NOT NULL,
  `user_id` bigint(20) UNSIGNED DEFAULT NULL,
  `title` varchar(255) NOT NULL,
  `content` varchar(255) NOT NULL,
  `sender_user_id` bigint(20) UNSIGNED DEFAULT NULL,
  `state` tinyint(1) NOT NULL,
  `created_at` timestamp NULL DEFAULT NULL,
  `updated_at` timestamp NULL DEFAULT NULL
) ENGINE=InnoDB DEFAULT CHARSET=utf8;

-- --------------------------------------------------------

--
-- Table structure for table `migrations`
--

CREATE TABLE `migrations` (
  `id` int(10) UNSIGNED NOT NULL,
  `migration` varchar(255) NOT NULL,
  `batch` int(11) NOT NULL
) ENGINE=InnoDB DEFAULT CHARSET=utf8;

--
-- Dumping data for table `migrations`
--

INSERT INTO `migrations` (`id`, `migration`, `batch`) VALUES
(425, '2014_10_12_000000_create_users_table', 1),
(426, '2014_10_12_100000_create_password_resets_table', 1),
(427, '2019_08_21_200000_create_robots_table', 1),
(428, '2019_08_21_300000_create_input_types_table', 1),
(429, '2019_08_21_400000_create_properties_table', 1),
(430, '2019_08_21_500000_create_robot_infos_table', 1),
(431, '2019_08_21_600000_create_options_table', 1),
(432, '2019_08_21_800000_create_reports_table', 1),
(433, '2019_08_21_900000_create_comments_table', 1),
(434, '2019_08_21_910000_create_saved_lists_table', 1),
(435, '2019_08_21_920000_create_mails_table', 1),
(436, '2019_08_21_930000_create_subscribes_table', 1);

-- --------------------------------------------------------

--
-- Table structure for table `options`
--

CREATE TABLE `options` (
  `id` tinyint(3) UNSIGNED NOT NULL,
  `property_id` tinyint(3) UNSIGNED NOT NULL,
  `option` varchar(255) NOT NULL,
  `description` varchar(255) DEFAULT NULL,
  `created_at` timestamp NULL DEFAULT NULL,
  `updated_at` timestamp NULL DEFAULT NULL
) ENGINE=InnoDB DEFAULT CHARSET=utf8;

--
-- Dumping data for table `options`
--

INSERT INTO `options` (`id`, `property_id`, `option`, `description`, `created_at`, `updated_at`) VALUES
(72, 34, 'Circle', '', '2019-10-12 21:27:41', '2019-10-12 21:27:41'),
(73, 34, 'Square', '', '2019-10-12 21:27:48', '2019-10-12 21:27:48'),
(74, 34, 'Human', '', '2019-10-12 21:27:57', '2019-10-12 21:27:57'),
(76, 34, 'Animal', '', '2019-10-12 21:28:23', '2019-10-12 21:28:23'),
(77, 34, 'Alien', '', '2019-10-12 21:28:32', '2019-10-12 21:28:32'),
(78, 34, 'Car', '', '2019-10-12 21:28:40', '2019-10-12 21:28:40'),
(79, 36, 'Yes', '', '2019-10-12 23:35:52', '2019-10-12 23:35:52'),
(80, 36, 'No', '', '2019-10-12 23:35:55', '2019-10-12 23:35:55'),
(81, 39, 'Academy Award', '', '2019-10-13 05:21:15', '2019-10-13 05:21:15'),
(82, 39, 'Emmy Award', '', '2019-10-13 05:21:20', '2019-10-13 05:21:20'),
(83, 39, 'National Book Award', '', '2019-10-13 05:21:27', '2019-10-13 05:21:27'),
(84, 39, 'Robot Award', '', '2019-10-13 05:21:34', '2019-10-13 05:21:34'),
(85, 39, 'IEEE Robot Award', '', '2019-10-13 05:21:43', '2019-10-13 05:21:43'),
(96, 42, 'Military', '', '2019-10-13 05:34:53', '2019-10-13 05:34:53'),
(97, 42, 'Entertainment', '', '2019-10-13 05:34:58', '2019-10-13 05:34:58'),
(98, 42, 'Research', '', '2019-10-13 05:35:03', '2019-10-13 05:35:03'),
(99, 42, 'Domotic', '', '2019-10-13 05:35:08', '2019-10-13 05:35:08'),
(100, 42, 'Public Security', '', '2019-10-13 05:35:14', '2019-10-13 05:35:14'),
(101, 42, 'Information Technology', '', '2019-10-13 05:36:20', '2019-10-13 05:36:20'),
(102, 42, 'Other', NULL, '2019-10-13 05:36:36', '2019-10-18 01:55:50'),
(103, 42, 'Medical', '', '2019-10-13 05:36:42', '2019-10-13 05:36:42'),
(104, 43, 'Film', '', '2019-10-13 05:42:50', '2019-10-13 05:42:50'),
(105, 43, 'TV Show', '', '2019-10-13 05:43:33', '2019-10-13 05:43:33'),
(106, 43, 'Book', '', '2019-10-13 05:43:39', '2019-10-13 05:43:39'),
(107, 43, 'Video game', '', '2019-10-13 05:43:55', '2019-10-13 05:43:55'),
(108, 43, 'Comic', '', '2019-10-13 05:44:01', '2019-10-13 05:44:01'),
(112, 39, 'Other', NULL, '2019-10-18 01:43:10', '2019-10-18 01:55:42'),
(113, 49, 'Good', '', '2019-10-18 01:45:12', '2019-10-18 01:45:12'),
(114, 49, 'Evil', '', '2019-10-18 01:45:16', '2019-10-18 01:45:16'),
(115, 50, '130 and above', '', '2019-10-18 01:50:47', '2019-10-18 01:50:47'),
(116, 50, '120–129', '', '2019-10-18 01:51:00', '2019-10-18 01:51:00'),
(117, 50, '109–119', '', '2019-10-18 01:51:10', '2019-10-18 01:51:10'),
(118, 50, '90–109', '', '2019-10-18 01:51:18', '2019-10-18 01:51:18'),
(119, 50, '80–89', '', '2019-10-18 01:51:56', '2019-10-18 01:51:56'),
(120, 50, '70–79', '', '2019-10-18 01:52:07', '2019-10-18 01:52:07'),
(121, 50, '69 and below', '', '2019-10-18 01:52:14', '2019-10-18 01:52:14'),
(122, 51, 'Yes', '', '2019-10-18 01:53:56', '2019-10-18 01:53:56'),
(123, 51, 'No', '', '2019-10-18 01:53:59', '2019-10-18 01:53:59'),
(124, 34, 'Other', '', '2019-10-18 01:55:00', '2019-10-18 01:55:00'),
(125, 34, 'Mechanical object', NULL, '2019-10-18 01:55:14', '2019-10-18 01:55:20'),
(126, 43, 'Other', '', '2019-10-18 01:56:49', '2019-10-18 01:56:49'),
(127, 52, 'Light sensors', '', '2019-10-18 01:59:01', '2019-10-18 01:59:01'),
(128, 52, 'Pressure sensors', '', '2019-10-18 01:59:09', '2019-10-18 01:59:09'),
(129, 52, 'Hearing sensors', '', '2019-10-18 01:59:26', '2019-10-18 01:59:26'),
(130, 52, 'Solar sensors', '', '2019-10-18 01:59:34', '2019-10-18 01:59:34'),
(131, 52, 'Chemical sensors', '', '2019-10-18 01:59:41', '2019-10-18 01:59:41'),
(132, 52, 'Taste sensors', '', '2019-10-18 01:59:47', '2019-10-18 01:59:47'),
(133, 52, 'Other', '', '2019-10-18 01:59:50', '2019-10-18 01:59:50'),
(134, 53, 'Wheels', '', '2019-10-18 02:00:26', '2019-10-18 02:00:26'),
(135, 53, 'Legs', '', '2019-10-18 02:00:29', '2019-10-18 02:00:29'),
(136, 53, 'Thrusters', '', '2019-10-18 02:00:36', '2019-10-18 02:00:36'),
(137, 53, 'Other', '', '2019-10-18 02:00:40', '2019-10-18 02:00:40'),
(138, 54, 'Solar', '', '2019-10-18 02:01:26', '2019-10-18 02:01:26'),
(139, 54, 'Electricity', '', '2019-10-18 02:01:33', '2019-10-18 02:01:33'),
(140, 54, 'Battery', '', '2019-10-18 02:01:39', '2019-10-18 02:01:39'),
(141, 54, 'Other', '', '2019-10-18 02:01:42', '2019-10-18 02:01:42'),
(142, 55, 'Robot', '', '2019-10-21 08:32:34', '2019-10-21 08:32:34'),
(143, 55, 'AI', '', '2019-10-21 08:32:40', '2019-10-21 08:32:40'),
(146, 60, 'Yes', '', '2019-10-31 05:56:17', '2019-10-31 05:56:17'),
(147, 60, 'No', '', '2019-10-31 05:56:21', '2019-10-31 05:56:21');

-- --------------------------------------------------------

--
-- Table structure for table `password_resets`
--

CREATE TABLE `password_resets` (
  `email` varchar(255) NOT NULL,
  `token` varchar(255) NOT NULL,
  `created_at` timestamp NULL DEFAULT NULL
) ENGINE=InnoDB DEFAULT CHARSET=utf8;

--
-- Dumping data for table `password_resets`
--

INSERT INTO `password_resets` (`email`, `token`, `created_at`) VALUES
('matsant2@gmail.com', '$2y$10$84vwlYvpJBdKLuLHN8j/henGKLphQcEzd/RDVmFIW21FhjdVXwZDW', '2019-10-09 20:21:00'),
('admin@robotgalaxy.online', '$2y$10$Sz23SQDfGdAnbX8mwVTpf.xS0ssTpHcJRpEm7RiNnu.dJsU0AIgRO', '2019-10-10 06:17:24'),
('18030642@student.westernsydney.edu.au', '$2y$10$c17FTfTknBeiV0J/Ns1cM.QWFGu6l7DZ.26n3P.RvzFKSoFGyq7GS', '2019-10-13 12:43:01');

-- --------------------------------------------------------

--
-- Table structure for table `properties`
--

CREATE TABLE `properties` (
  `id` tinyint(3) UNSIGNED NOT NULL,
  `name` varchar(255) NOT NULL,
  `input_type_id` tinyint(3) UNSIGNED NOT NULL,
  `description` varchar(255) DEFAULT NULL,
  `order` tinyint(3) UNSIGNED NOT NULL,
  `filter` tinyint(3) UNSIGNED NOT NULL,
  `created_at` timestamp NULL DEFAULT NULL,
  `updated_at` timestamp NULL DEFAULT NULL
) ENGINE=InnoDB DEFAULT CHARSET=utf8;

--
-- Dumping data for table `properties`
--

INSERT INTO `properties` (`id`, `name`, `input_type_id`, `description`, `order`, `filter`, `created_at`, `updated_at`) VALUES
(8, 'Year', 1, 'The year of the literature where the robot came from', 4, 1, '2019-10-04 09:11:26', '2019-10-31 05:55:36'),
(11, 'Name', 1, 'The name of the robot', 1, 1, '2019-10-09 23:05:14', '2019-10-29 05:22:02'),
(34, 'Appearance', 4, 'Physical appearance', 14, 1, '2019-10-12 21:27:12', '2019-10-29 05:22:09'),
(36, 'Talk', 2, 'Ability to talk', 13, 1, '2019-10-12 23:34:53', '2019-10-29 05:22:09'),
(37, 'Description', 1, 'A Brief Description of the Robot', 7, 1, '2019-10-13 04:53:26', '2019-10-21 08:31:32'),
(39, 'Award', 2, 'Any awards that the robot has won', 8, 1, '2019-10-13 05:01:22', '2019-10-21 08:31:31'),
(42, 'Domain', 4, 'The field of work that the robot was designed for', 9, 1, '2019-10-13 05:30:58', '2019-10-29 05:22:09'),
(43, 'Literature', 4, 'The type of of literature that the robot was based off', 15, 1, '2019-10-13 05:41:59', '2019-10-29 05:22:09'),
(46, 'Image', 1, 'Link of the robot\'s image', 2, 0, '2019-10-17 05:19:16', '2019-10-18 01:37:08'),
(47, 'Source', 1, 'The source of the literature where the robot came from', 5, 1, '2019-10-18 01:39:49', '2019-10-21 08:31:36'),
(48, 'Author', 1, 'The author of the literature where the robot came from', 6, 1, '2019-10-18 01:41:07', '2019-10-21 08:31:34'),
(49, 'Motivation', 2, 'The motivation of the Robot based on its personality', 10, 1, '2019-10-18 01:44:16', '2019-10-29 05:22:09'),
(50, 'IQ', 4, 'Level of intelligence', 11, 1, '2019-10-18 01:49:30', '2019-10-29 05:22:09'),
(51, 'Emotion', 2, 'Ability to show emotions', 12, 1, '2019-10-18 01:52:41', '2019-10-29 05:22:09'),
(52, 'Sensors', 3, 'How does the robot sense anything?', 16, 1, '2019-10-18 01:58:18', '2019-10-29 05:22:09'),
(53, 'Movement', 2, 'How does the robot move?', 17, 1, '2019-10-18 02:00:02', '2019-10-29 05:22:09'),
(54, 'Energy', 2, 'The power source that allows the robot to function', 18, 1, '2019-10-18 02:00:51', '2019-10-29 05:22:09'),
(55, 'Type', 2, 'Is it a robot or AI?', 3, 1, '2019-10-21 08:31:07', '2019-10-31 05:11:12'),
(60, 'Flyable', 2, 'This rbot can fly or not?', 19, 1, '2019-10-31 05:55:54', '2019-10-31 05:56:55');

-- --------------------------------------------------------

--
-- Table structure for table `reports`
--

CREATE TABLE `reports` (
  `id` bigint(20) UNSIGNED NOT NULL,
  `robot_id` bigint(20) UNSIGNED NOT NULL,
  `user_id` bigint(20) UNSIGNED DEFAULT NULL,
  `comment` varchar(255) NOT NULL,
  `state` tinyint(1) NOT NULL,
  `created_at` timestamp NULL DEFAULT NULL,
  `updated_at` timestamp NULL DEFAULT NULL
) ENGINE=InnoDB DEFAULT CHARSET=utf8;

-- --------------------------------------------------------

--
-- Table structure for table `robots`
--

CREATE TABLE `robots` (
  `id` bigint(20) UNSIGNED NOT NULL,
  `user_id` bigint(20) UNSIGNED DEFAULT NULL,
  `state` tinyint(1) NOT NULL,
  `created_at` timestamp NULL DEFAULT NULL,
  `updated_at` timestamp NULL DEFAULT NULL
) ENGINE=InnoDB DEFAULT CHARSET=utf8;

--
-- Dumping data for table `robots`
--

INSERT INTO `robots` (`id`, `user_id`, `state`, `created_at`, `updated_at`) VALUES
(4, 1, 1, '2019-10-04 09:18:14', '2019-10-22 06:31:27'),
(5, 1, 1, '2019-10-04 09:21:05', '2019-10-22 06:31:48'),
(6, 1, 1, '2019-10-04 09:22:54', '2019-10-22 06:32:14'),
(7, 1, 1, '2019-10-04 09:23:28', '2019-10-22 06:32:47'),
(8, 1, 1, '2019-10-04 09:25:17', '2019-10-22 06:33:23'),
(9, 3, 1, '2019-10-04 09:26:03', '2019-10-22 06:34:47'),
(10, 1, 1, '2019-10-04 09:27:08', '2019-10-22 06:38:02'),
(11, 1, 1, '2019-10-04 09:28:32', '2019-10-22 06:39:34'),
(13, 1, 1, '2019-10-04 09:30:52', '2019-10-22 06:40:28'),
(15, 1, 1, '2019-10-04 09:32:35', '2019-10-31 05:09:12'),
(19, 4, 1, '2019-10-06 05:06:34', '2019-10-22 06:43:04'),
(46, 6, 1, '2019-10-12 05:29:04', '2019-10-22 06:46:29'),
(47, 1, 1, '2019-10-12 05:33:41', '2019-10-22 06:48:19'),
(49, 6, 1, '2019-10-12 05:38:02', '2019-10-22 06:49:18'),
(50, 1, 1, '2019-10-12 05:41:53', '2019-10-22 06:50:15'),
(51, 1, 1, '2019-10-12 05:44:53', '2019-10-23 08:24:32'),
(52, 1, 1, '2019-10-12 05:48:20', '2019-10-23 08:25:46'),
(53, 1, 1, '2019-10-12 05:50:08', '2019-10-23 08:28:01'),
(62, 1, 1, '2019-10-12 06:08:33', '2019-10-23 08:29:47'),
(64, 1, 1, '2019-10-12 06:15:02', '2019-10-23 08:33:32'),
(65, 1, 1, '2019-10-12 06:21:51', '2019-10-23 08:34:29'),
(66, 6, 1, '2019-10-12 06:23:26', '2019-10-23 08:35:29'),
(67, 1, 1, '2019-10-12 06:24:45', '2019-10-23 08:36:32'),
(69, 2, 1, '2019-10-12 06:35:32', '2019-10-23 08:43:51'),
(70, 6, 1, '2019-10-12 06:36:44', '2019-10-23 08:44:56'),
(124, 15, 1, '2019-10-20 12:15:56', '2019-10-27 06:31:30'),
(131, 2, 1, '2019-10-25 08:05:58', '2019-10-27 06:32:10'),
(132, 2, 1, '2019-10-25 08:06:51', '2019-10-27 06:32:44'),
(152, 17, 0, '2019-10-31 05:42:54', '2019-10-31 05:42:54'),
(153, 17, 1, '2019-10-31 05:43:16', '2019-10-31 05:43:56'),
(154, 20, 0, '2019-10-31 05:51:24', '2019-10-31 05:51:24'),
(155, 21, 0, '2019-10-31 05:52:50', '2019-10-31 05:52:50'),
(156, 18, 1, '2019-10-31 05:53:06', '2019-10-31 05:53:36'),
(157, 21, 0, '2019-10-31 05:54:48', '2019-10-31 05:54:48');

-- --------------------------------------------------------

--
-- Table structure for table `robot_infos`
--

CREATE TABLE `robot_infos` (
  `id` bigint(20) UNSIGNED NOT NULL,
  `robot_id` bigint(20) UNSIGNED NOT NULL,
  `property_id` tinyint(3) UNSIGNED NOT NULL,
  `content` varchar(255) DEFAULT NULL,
  `created_at` timestamp NULL DEFAULT NULL,
  `updated_at` timestamp NULL DEFAULT NULL
) ENGINE=InnoDB DEFAULT CHARSET=utf8;

--
-- Dumping data for table `robot_infos`
--

INSERT INTO `robot_infos` (`id`, `robot_id`, `property_id`, `content`, `created_at`, `updated_at`) VALUES
(27, 4, 8, '1978', '2019-10-04 09:18:14', '2019-10-14 10:07:35'),
(35, 5, 8, '1926', '2019-10-04 09:21:05', '2019-10-14 10:10:16'),
(43, 6, 8, '1951', '2019-10-04 09:22:54', '2019-10-14 10:15:35'),
(51, 7, 8, '1984', '2019-10-04 09:23:28', '2019-10-14 10:17:19'),
(59, 8, 8, '1984', '2019-10-04 09:25:17', '2019-10-14 10:30:34'),
(67, 9, 8, '2003', '2019-10-04 09:26:03', '2019-10-04 09:26:03'),
(75, 10, 8, '2008', '2019-10-04 09:27:08', '2019-10-14 10:59:09'),
(83, 11, 8, '2014', '2019-10-04 09:28:32', '2019-10-14 11:03:11'),
(99, 13, 8, '2015', '2019-10-04 09:30:52', '2019-10-14 11:04:04'),
(115, 15, 8, '2014', '2019-10-04 09:32:35', '2019-10-14 11:17:43'),
(145, 19, 8, '2012', '2019-10-06 05:06:34', '2019-10-06 05:06:34'),
(174, 4, 11, 'R2D2', '2019-10-10 07:07:49', '2019-10-18 02:40:17'),
(406, 46, 11, 'C3PO', '2019-10-12 05:29:04', '2019-10-12 05:29:04'),
(407, 46, 8, '1977', '2019-10-12 05:29:04', '2019-10-12 05:29:04'),
(415, 47, 11, 'Data', '2019-10-12 05:33:41', '2019-10-12 05:33:41'),
(416, 47, 8, '1986', '2019-10-12 05:33:41', '2019-10-12 05:33:41'),
(433, 49, 11, 'Gort', '2019-10-12 05:38:02', '2019-10-12 05:38:02'),
(434, 49, 8, '1956', '2019-10-12 05:38:02', '2019-10-12 05:38:02'),
(442, 50, 11, 'HAL 9000', '2019-10-12 05:41:53', '2019-10-12 05:41:53'),
(443, 50, 8, '1968', '2019-10-12 05:41:53', '2019-10-12 05:41:53'),
(451, 51, 11, 'Hewey Duey and Louie', '2019-10-12 05:44:53', '2019-10-12 05:44:53'),
(452, 51, 8, '1956', '2019-10-12 05:44:53', '2019-10-12 05:44:53'),
(460, 52, 11, 'Jarvis', '2019-10-12 05:48:20', '2019-10-12 05:48:20'),
(461, 52, 8, '2008', '2019-10-12 05:48:20', '2019-10-12 05:48:20'),
(469, 53, 11, 'Maria', '2019-10-12 05:50:08', '2019-10-12 05:50:08'),
(470, 53, 8, '1927', '2019-10-12 05:50:08', '2019-10-12 05:50:08'),
(550, 62, 11, 'Mars Pathfinder Sojourner Rover', '2019-10-12 06:08:33', '2019-10-12 06:08:33'),
(551, 62, 8, '1996', '2019-10-12 06:08:33', '2019-10-12 06:08:33'),
(568, 64, 11, 'ASIMO', '2019-10-12 06:15:02', '2019-10-12 06:15:02'),
(569, 64, 8, '2000', '2019-10-12 06:15:02', '2019-10-12 06:15:02'),
(577, 65, 11, 'Shakey', '2019-10-12 06:21:51', '2019-10-12 06:21:51'),
(578, 65, 8, '1966', '2019-10-12 06:21:51', '2019-10-12 06:21:51'),
(586, 66, 11, 'AIBO', '2019-10-12 06:23:26', '2019-10-12 06:23:26'),
(587, 66, 8, '1998', '2019-10-12 06:23:26', '2019-10-12 06:23:26'),
(595, 67, 11, 'SCARA', '2019-10-12 06:24:45', '2019-10-12 06:24:45'),
(596, 67, 8, '1978', '2019-10-12 06:24:45', '2019-10-12 06:24:45'),
(613, 69, 11, 'Reibert Hopper', '2019-10-12 06:35:32', '2019-10-12 06:35:32'),
(614, 69, 8, '1980', '2019-10-12 06:35:32', '2019-10-12 06:35:32'),
(622, 70, 11, 'NavLab5', '2019-10-12 06:36:44', '2019-10-12 06:36:44'),
(623, 70, 8, '1995', '2019-10-12 06:36:44', '2019-10-12 06:36:44'),
(761, 5, 11, 'Robbie the Robot', '2019-10-13 05:49:24', '2019-10-14 10:10:16'),
(762, 5, 34, 'Mechanical object', '2019-10-13 05:49:24', '2019-10-18 02:35:58'),
(764, 5, 37, 'Serves the Rebellion Republic and the Resistance', '2019-10-13 05:50:09', '2019-10-14 10:10:16'),
(765, 5, 36, 'Yes', '2019-10-13 05:50:09', '2019-10-18 02:35:58'),
(766, 5, 39, 'Academy Award', '2019-10-13 05:50:09', '2019-10-14 10:10:16'),
(767, 5, 42, 'Military', '2019-10-13 05:50:09', '2019-10-14 10:10:16'),
(769, 5, 43, 'TV Show', '2019-10-13 05:50:09', '2019-10-18 02:35:58'),
(770, 9, 11, 'Ava', '2019-10-13 05:54:18', '2019-10-13 05:54:18'),
(771, 9, 34, 'Human', '2019-10-13 05:54:18', '2019-10-22 06:34:47'),
(773, 9, 37, 'to fall in love', '2019-10-13 05:54:18', '2019-10-13 05:54:18'),
(774, 9, 36, 'Yes', '2019-10-13 05:54:18', '2019-10-13 05:54:18'),
(775, 9, 39, 'National Book Award', '2019-10-13 05:54:18', '2019-10-22 06:34:47'),
(776, 9, 42, 'Public Security', '2019-10-13 05:54:18', '2019-10-13 05:54:18'),
(778, 9, 43, 'Book', '2019-10-13 05:54:18', '2019-10-22 06:34:47'),
(784, 19, 11, 'R2D2', '2019-10-13 06:54:08', '2019-10-13 06:54:58'),
(786, 19, 34, 'Animal', '2019-10-13 06:54:58', '2019-10-13 06:54:58'),
(788, 19, 37, 'To assist the Rebellion Republic and the Resistance', '2019-10-13 06:54:58', '2019-10-13 06:54:58'),
(789, 19, 36, 'Yes', '2019-10-13 06:54:58', '2019-10-13 06:54:58'),
(790, 19, 39, 'Academy Award', '2019-10-13 06:54:58', '2019-10-13 06:54:58'),
(791, 19, 42, 'Military', '2019-10-13 06:54:58', '2019-10-13 06:54:58'),
(792, 19, 43, 'Book', '2019-10-13 06:54:58', '2019-10-22 06:43:04'),
(826, 4, 34, 'Alien', '2019-10-14 10:07:35', '2019-10-14 10:07:35'),
(828, 4, 37, 'To destory all mutants', '2019-10-14 10:07:35', '2019-10-14 10:07:35'),
(829, 4, 36, 'No', '2019-10-14 10:07:35', '2019-10-14 10:07:35'),
(830, 4, 39, 'Academy Award', '2019-10-14 10:07:35', '2019-10-14 10:07:35'),
(831, 4, 42, 'Military', '2019-10-14 10:07:35', '2019-10-14 10:07:35'),
(832, 4, 43, 'Book', '2019-10-14 10:07:35', '2019-10-18 02:34:42'),
(833, 6, 11, 'Sentientel', '2019-10-14 10:15:35', '2019-10-14 10:15:35'),
(834, 6, 34, 'Human', '2019-10-14 10:15:35', '2019-10-14 10:15:35'),
(836, 6, 37, 'To destory all humans', '2019-10-14 10:15:35', '2019-10-14 10:15:35'),
(837, 6, 36, 'Yes', '2019-10-14 10:15:35', '2019-10-14 10:15:35'),
(838, 6, 39, 'Robot Award', '2019-10-14 10:15:35', '2019-10-18 02:38:40'),
(839, 6, 42, 'Military', '2019-10-14 10:15:35', '2019-10-14 10:15:35'),
(840, 6, 43, 'Comic', '2019-10-14 10:15:35', '2019-10-18 02:39:15'),
(841, 7, 11, 'Skynet', '2019-10-14 10:17:19', '2019-10-14 10:17:19'),
(842, 7, 34, 'Human', '2019-10-14 10:17:19', '2019-10-14 10:17:19'),
(844, 7, 37, 'To destroy Sarah Connor', '2019-10-14 10:17:19', '2019-10-14 10:17:19'),
(845, 7, 36, 'Yes', '2019-10-14 10:17:19', '2019-10-18 02:57:32'),
(846, 7, 39, 'Emmy Award', '2019-10-14 10:17:19', '2019-10-22 06:32:47'),
(847, 7, 42, 'Military', '2019-10-14 10:17:19', '2019-10-14 10:17:19'),
(848, 7, 43, 'Film', '2019-10-14 10:17:19', '2019-10-14 10:17:19'),
(849, 8, 11, 'T800 Terminator', '2019-10-14 10:30:34', '2019-10-14 10:30:34'),
(850, 8, 34, 'Human', '2019-10-14 10:30:34', '2019-10-14 10:30:34'),
(852, 8, 37, 'To reduce human error in military services.', '2019-10-14 10:30:34', '2019-10-14 10:30:34'),
(853, 8, 36, 'Yes', '2019-10-14 10:30:34', '2019-10-14 10:30:34'),
(854, 8, 39, 'Academy Award', '2019-10-14 10:30:34', '2019-10-14 10:30:34'),
(855, 8, 42, 'Military', '2019-10-14 10:30:34', '2019-10-14 10:30:34'),
(856, 8, 43, 'Book', '2019-10-14 10:30:34', '2019-10-18 02:57:59'),
(857, 10, 11, 'Tars', '2019-10-14 10:59:09', '2019-10-14 10:59:09'),
(858, 10, 34, 'Alien', '2019-10-14 10:59:09', '2019-10-14 10:59:09'),
(860, 10, 37, 'To clean up Earth\'s mess', '2019-10-14 10:59:09', '2019-10-14 10:59:09'),
(861, 10, 36, 'No', '2019-10-14 10:59:09', '2019-10-22 06:38:02'),
(862, 10, 39, 'Other', '2019-10-14 10:59:09', '2019-10-22 06:38:02'),
(863, 10, 42, 'Public Security', '2019-10-14 10:59:09', '2019-10-22 06:38:02'),
(864, 10, 43, 'Other', '2019-10-14 10:59:09', '2019-10-22 06:38:02'),
(865, 11, 11, 'WALL-E', '2019-10-14 11:03:11', '2019-10-14 11:03:11'),
(866, 11, 34, 'Alien', '2019-10-14 11:03:11', '2019-10-14 11:03:11'),
(868, 11, 37, 'TO serve the Marines in their missions', '2019-10-14 11:03:11', '2019-10-14 11:03:11'),
(869, 11, 36, 'Yes', '2019-10-14 11:03:11', '2019-10-14 11:03:11'),
(870, 11, 39, 'Robot Award', '2019-10-14 11:03:11', '2019-10-22 06:39:10'),
(871, 11, 42, 'Public Security', '2019-10-14 11:03:11', '2019-10-22 06:39:10'),
(872, 11, 43, 'Film', '2019-10-14 11:03:11', '2019-10-14 11:03:11'),
(873, 13, 11, 'Astro Boy', '2019-10-14 11:04:04', '2019-10-14 11:04:04'),
(874, 13, 34, 'Alien', '2019-10-14 11:04:04', '2019-10-14 11:04:04'),
(876, 13, 37, 'to fall in love', '2019-10-14 11:04:04', '2019-10-14 11:04:04'),
(877, 13, 36, 'Yes', '2019-10-14 11:04:04', '2019-10-22 06:40:28'),
(878, 13, 39, 'Other', '2019-10-14 11:04:04', '2019-10-22 06:40:28'),
(879, 13, 42, 'Entertainment', '2019-10-14 11:04:04', '2019-10-14 11:04:04'),
(880, 13, 43, 'Film', '2019-10-14 11:04:04', '2019-10-14 11:04:04'),
(888, 15, 11, 'Baymax', '2019-10-14 11:17:43', '2019-10-14 11:17:43'),
(889, 15, 34, 'Human', '2019-10-14 11:17:43', '2019-10-14 11:17:43'),
(891, 15, 37, 'Personal healthcare assistant', '2019-10-14 11:17:43', '2019-10-14 11:17:43'),
(892, 15, 36, 'Yes', '2019-10-14 11:17:43', '2019-10-14 11:17:43'),
(893, 15, 39, 'Academy Award', '2019-10-14 11:17:43', '2019-10-31 05:09:12'),
(894, 15, 42, 'Entertainment', '2019-10-14 11:17:43', '2019-10-22 06:41:33'),
(895, 15, 43, 'Book', '2019-10-14 11:17:43', '2019-10-22 06:41:52'),
(1135, 4, 46, 'https://ichef.bbci.co.uk/news/660/cpsprodpb/1999/production/_92935560_robot976.jpg', '2019-10-17 05:21:40', '2019-10-17 05:21:40'),
(1137, 5, 46, 'https://images2.bonhams.com/image?src=Images/live/2017-07/14/24661841-1-11.jpg', '2019-10-17 05:22:07', '2019-10-18 02:55:27'),
(1176, 4, 47, 'TestData A', '2019-10-18 02:34:42', '2019-10-22 06:31:27'),
(1177, 4, 48, 'TestData A', '2019-10-18 02:34:42', '2019-10-22 06:31:27'),
(1178, 4, 49, 'Good', '2019-10-18 02:34:42', '2019-10-18 02:34:42'),
(1179, 4, 50, '80–89', '2019-10-18 02:34:42', '2019-10-18 02:34:42'),
(1180, 4, 51, 'No', '2019-10-18 02:34:42', '2019-10-18 02:34:42'),
(1181, 4, 52, ', Light sensors, Solar sensors', '2019-10-18 02:34:42', '2019-10-18 02:34:42'),
(1182, 4, 53, 'Legs', '2019-10-18 02:34:42', '2019-10-18 02:34:42'),
(1183, 4, 54, 'Solar', '2019-10-18 02:34:42', '2019-10-18 02:34:42'),
(1184, 5, 47, 'Unknown', '2019-10-18 02:35:58', '2019-10-18 02:35:58'),
(1185, 5, 48, 'Unknown', '2019-10-18 02:35:58', '2019-10-18 02:35:58'),
(1186, 5, 49, 'Evil', '2019-10-18 02:35:58', '2019-10-18 02:35:58'),
(1187, 5, 50, '69 and below', '2019-10-18 02:35:58', '2019-10-18 02:35:58'),
(1188, 5, 51, 'Yes', '2019-10-18 02:35:58', '2019-10-18 02:35:58'),
(1189, 5, 52, ', Hearing sensors, Light sensors, Pressure sensors', '2019-10-18 02:35:58', '2019-10-18 02:35:58'),
(1190, 5, 53, 'Thrusters', '2019-10-18 02:35:58', '2019-10-18 02:35:58'),
(1191, 5, 54, 'Electricity', '2019-10-18 02:35:58', '2019-10-18 02:35:58'),
(1192, 6, 46, 'https://cdn.shopify.com/s/files/1/0318/2649/products/51AuGrwDSIL.jpg', '2019-10-18 02:38:40', '2019-10-18 02:56:22'),
(1193, 6, 47, 'TestData B', '2019-10-18 02:38:40', '2019-10-22 06:32:14'),
(1194, 6, 48, 'unknown', '2019-10-18 02:38:40', '2019-10-18 02:38:40'),
(1195, 6, 49, 'Good', '2019-10-18 02:39:15', '2019-10-18 02:39:15'),
(1196, 6, 50, '120–129', '2019-10-18 02:39:15', '2019-10-18 02:39:15'),
(1197, 6, 51, 'Yes', '2019-10-18 02:39:15', '2019-10-18 02:39:15'),
(1198, 6, 52, ', Chemical sensors, Hearing sensors, Light sensors, Other, Pressure sensors, Solar sensors, Taste sensors', '2019-10-18 02:39:15', '2019-10-18 02:39:15'),
(1199, 6, 53, 'Other', '2019-10-18 02:39:15', '2019-10-18 02:39:15'),
(1200, 6, 54, 'Other', '2019-10-18 02:39:15', '2019-10-18 02:39:15'),
(1201, 7, 46, 'https://inteng-storage.s3.amazonaws.com/img/iea/bjOLA14rGe/sizes/ai-robotics_resize_md.jpg', '2019-10-18 02:57:32', '2019-10-18 02:57:32'),
(1202, 7, 47, 'TestData A', '2019-10-18 02:57:32', '2019-10-22 06:32:47'),
(1203, 7, 48, 'TestData A', '2019-10-18 02:57:32', '2019-10-22 06:32:47'),
(1204, 7, 49, 'Evil', '2019-10-18 02:57:32', '2019-10-18 02:57:32'),
(1205, 7, 50, '120–129', '2019-10-18 02:57:32', '2019-10-18 02:57:32'),
(1206, 7, 51, 'Yes', '2019-10-18 02:57:32', '2019-10-18 02:57:32'),
(1207, 7, 52, ', Chemical sensors, Hearing sensors, Light sensors', '2019-10-18 02:57:32', '2019-10-18 02:57:32'),
(1208, 7, 53, 'Wheels', '2019-10-18 02:57:32', '2019-10-18 02:57:32'),
(1209, 7, 54, 'Electricity', '2019-10-18 02:57:32', '2019-10-18 02:57:32'),
(1210, 8, 46, 'broken link', '2019-10-18 02:57:59', '2019-10-22 06:33:18'),
(1211, 8, 47, 'aaa', '2019-10-18 02:57:59', '2019-10-18 02:57:59'),
(1212, 8, 48, 'bbb', '2019-10-18 02:57:59', '2019-10-18 02:57:59'),
(1213, 8, 49, 'Evil', '2019-10-18 02:57:59', '2019-10-18 02:57:59'),
(1214, 8, 50, '109–119', '2019-10-18 02:57:59', '2019-10-18 02:57:59'),
(1215, 8, 51, 'No', '2019-10-18 02:57:59', '2019-10-18 02:57:59'),
(1216, 8, 52, ', Chemical sensors, Hearing sensors, Solar sensors, Taste sensors', '2019-10-18 02:57:59', '2019-10-18 02:57:59'),
(1217, 8, 53, 'Legs', '2019-10-18 02:57:59', '2019-10-18 02:57:59'),
(1218, 8, 54, 'Battery', '2019-10-18 02:57:59', '2019-10-18 02:57:59'),
(1253, 124, 11, 'RobotCop', '2019-10-20 12:15:56', '2019-10-20 12:15:56'),
(1254, 124, 46, 'http://www.theoldrobots.com/images82/RoboCop-25.JPG', '2019-10-20 12:15:56', '2019-10-27 06:31:30'),
(1255, 124, 8, '2014', '2019-10-20 12:15:56', '2019-10-20 12:15:56'),
(1256, 124, 47, 'movie', '2019-10-20 12:15:56', '2019-10-20 12:15:56'),
(1257, 124, 48, 'Sony movie division', '2019-10-20 12:15:56', '2019-10-20 12:15:56'),
(1258, 124, 37, 'Half human and half robot', '2019-10-20 12:15:56', '2019-10-20 12:15:56'),
(1259, 124, 39, 'Academy Award', '2019-10-20 12:15:56', '2019-10-20 12:15:56'),
(1260, 124, 49, 'Good', '2019-10-20 12:15:56', '2019-10-20 12:15:56'),
(1261, 124, 42, 'Military', '2019-10-20 12:15:56', '2019-10-20 12:15:56'),
(1262, 124, 50, '130 and above', '2019-10-20 12:15:56', '2019-10-20 12:15:56'),
(1263, 124, 51, 'Yes', '2019-10-20 12:15:56', '2019-10-20 12:15:56'),
(1264, 124, 36, 'Yes', '2019-10-20 12:15:56', '2019-10-20 12:15:56'),
(1265, 124, 34, 'Human', '2019-10-20 12:15:56', '2019-10-20 12:15:56'),
(1266, 124, 43, 'Film', '2019-10-20 12:15:56', '2019-10-20 12:15:56'),
(1267, 124, 52, ', Chemical sensors, Hearing sensors, Light sensors, Other, Pressure sensors, Solar sensors, Taste sensors', '2019-10-20 12:15:56', '2019-10-23 08:42:08'),
(1268, 124, 53, 'Legs', '2019-10-20 12:15:56', '2019-10-20 12:15:56'),
(1269, 124, 54, 'Other', '2019-10-20 12:15:56', '2019-10-20 12:15:56'),
(1321, 4, 55, 'Robot', '2019-10-22 06:31:27', '2019-10-22 06:31:27'),
(1322, 5, 55, 'Robot', '2019-10-22 06:31:48', '2019-10-22 06:31:48'),
(1323, 6, 55, 'AI', '2019-10-22 06:32:14', '2019-10-22 06:32:14'),
(1324, 7, 55, 'AI', '2019-10-22 06:32:47', '2019-10-22 06:32:47'),
(1325, 8, 55, 'Robot', '2019-10-22 06:33:23', '2019-10-22 06:33:23'),
(1326, 9, 46, 'http://robotfacebook.edwindertien.nl/wp-content/uploads/2016/11/ex_machina_silo.jpg', '2019-10-22 06:34:47', '2019-10-22 06:34:47'),
(1327, 9, 55, 'Robot', '2019-10-22 06:34:47', '2019-10-22 06:34:47'),
(1328, 9, 47, 'TestData B', '2019-10-22 06:34:47', '2019-10-22 06:34:47'),
(1329, 9, 48, 'TestData B', '2019-10-22 06:34:47', '2019-10-22 06:34:47'),
(1330, 9, 49, 'Good', '2019-10-22 06:34:47', '2019-10-22 06:34:47'),
(1331, 9, 50, '130 and above', '2019-10-22 06:34:47', '2019-10-22 06:34:47'),
(1332, 9, 51, 'Yes', '2019-10-22 06:34:47', '2019-10-22 06:34:47'),
(1333, 9, 52, ', Chemical sensors, Light sensors, Other, Pressure sensors', '2019-10-22 06:34:47', '2019-10-22 06:34:47'),
(1334, 9, 53, 'Other', '2019-10-22 06:34:47', '2019-10-22 06:34:47'),
(1335, 9, 54, 'Other', '2019-10-22 06:34:47', '2019-10-22 06:34:47'),
(1336, 10, 46, 'https://i.etsystatic.com/10926718/r/il/346bcd/786860667/il_570xN.786860667_7k4b.jpg', '2019-10-22 06:38:02', '2019-10-22 06:38:02'),
(1337, 10, 55, 'Robot', '2019-10-22 06:38:02', '2019-10-22 06:38:02'),
(1338, 10, 47, 'TestData B', '2019-10-22 06:38:02', '2019-10-22 06:38:02'),
(1339, 10, 48, 'TestData A', '2019-10-22 06:38:02', '2019-10-22 06:38:02'),
(1340, 10, 49, 'Good', '2019-10-22 06:38:02', '2019-10-22 06:38:02'),
(1341, 10, 50, '69 and below', '2019-10-22 06:38:02', '2019-10-22 06:38:02'),
(1342, 10, 51, 'No', '2019-10-22 06:38:02', '2019-10-22 06:38:02'),
(1343, 10, 52, ', Hearing sensors, Light sensors, Taste sensors', '2019-10-22 06:38:02', '2019-10-22 06:38:02'),
(1344, 10, 53, 'Other', '2019-10-22 06:38:02', '2019-10-22 06:38:02'),
(1345, 10, 54, 'Electricity', '2019-10-22 06:38:02', '2019-10-22 06:38:02'),
(1346, 11, 46, 'https://images-na.ssl-images-amazon.com/images/I/61sq8KVoQNL._SX425_.jpg', '2019-10-22 06:39:10', '2019-10-22 06:39:10'),
(1347, 11, 55, 'Robot', '2019-10-22 06:39:10', '2019-10-22 06:39:10'),
(1348, 11, 47, 'TestData B', '2019-10-22 06:39:10', '2019-10-22 06:39:10'),
(1349, 11, 48, 'TestData A', '2019-10-22 06:39:10', '2019-10-22 06:39:10'),
(1350, 11, 49, 'Good', '2019-10-22 06:39:10', '2019-10-22 06:39:10'),
(1351, 11, 50, '109–119', '2019-10-22 06:39:15', '2019-10-22 06:39:15'),
(1352, 11, 51, 'No', '2019-10-22 06:39:34', '2019-10-22 06:39:34'),
(1353, 11, 52, ', Chemical sensors, Light sensors, Other, Pressure sensors', '2019-10-22 06:39:34', '2019-10-22 06:39:34'),
(1354, 11, 53, 'Thrusters', '2019-10-22 06:39:34', '2019-10-22 06:39:34'),
(1355, 11, 54, 'Battery', '2019-10-22 06:39:34', '2019-10-22 06:39:34'),
(1356, 13, 46, 'https://comicvine1.cbsistatic.com/uploads/scale_medium/5/58245/1197960-astroboy2.jpg', '2019-10-22 06:40:28', '2019-10-22 06:40:28'),
(1357, 13, 55, 'Robot', '2019-10-22 06:40:28', '2019-10-22 06:40:28'),
(1358, 13, 47, 'TestData B', '2019-10-22 06:40:28', '2019-10-22 06:40:28'),
(1359, 13, 48, 'TestData A', '2019-10-22 06:40:28', '2019-10-22 06:40:28'),
(1360, 13, 49, 'Good', '2019-10-22 06:40:28', '2019-10-22 06:40:28'),
(1361, 13, 50, '120–129', '2019-10-22 06:40:28', '2019-10-22 06:40:28'),
(1362, 13, 51, 'Yes', '2019-10-22 06:40:28', '2019-10-22 06:40:28'),
(1363, 13, 52, ', Chemical sensors, Other, Pressure sensors', '2019-10-22 06:40:28', '2019-10-22 06:40:28'),
(1364, 13, 53, 'Legs', '2019-10-22 06:40:28', '2019-10-22 06:40:28'),
(1365, 13, 54, 'Electricity', '2019-10-22 06:40:28', '2019-10-22 06:40:28'),
(1366, 15, 46, 'https://www.yourwdwstore.net/assets/images/6/60000/6000/300/66335e.jpg', '2019-10-22 06:41:33', '2019-10-22 06:41:33'),
(1367, 15, 55, 'AI', '2019-10-22 06:41:33', '2019-10-22 06:41:33'),
(1368, 15, 47, 'TestData B', '2019-10-22 06:41:33', '2019-10-22 06:41:33'),
(1369, 15, 48, 'TestData A', '2019-10-22 06:41:33', '2019-10-22 06:41:33'),
(1370, 15, 49, 'Evil', '2019-10-22 06:41:33', '2019-10-22 06:41:33'),
(1371, 15, 50, '70–79', '2019-10-22 06:41:33', '2019-10-22 06:41:33'),
(1372, 15, 51, 'No', '2019-10-22 06:41:52', '2019-10-22 06:41:52'),
(1373, 15, 52, ', Chemical sensors, Hearing sensors, Light sensors, Pressure sensors', '2019-10-22 06:41:52', '2019-10-22 06:41:52'),
(1374, 15, 53, 'Legs', '2019-10-22 06:41:52', '2019-10-22 06:41:52'),
(1375, 15, 54, 'Solar', '2019-10-22 06:41:52', '2019-10-22 06:41:52'),
(1376, 19, 46, 'broken link', '2019-10-22 06:43:04', '2019-10-22 06:43:04'),
(1377, 19, 55, 'Robot', '2019-10-22 06:43:04', '2019-10-22 06:43:04'),
(1378, 19, 47, 'TestData B', '2019-10-22 06:43:04', '2019-10-22 06:43:04'),
(1379, 19, 48, 'TestData A', '2019-10-22 06:43:04', '2019-10-22 06:43:04'),
(1380, 19, 49, 'Good', '2019-10-22 06:43:04', '2019-10-22 06:43:04'),
(1381, 19, 50, '90–109', '2019-10-22 06:43:04', '2019-10-22 06:43:04'),
(1382, 19, 51, 'No', '2019-10-22 06:43:04', '2019-10-22 06:43:04'),
(1383, 19, 52, ', Chemical sensors, Hearing sensors, Light sensors, Other', '2019-10-22 06:43:04', '2019-10-22 06:43:04'),
(1384, 19, 53, 'Legs', '2019-10-22 06:43:04', '2019-10-22 06:43:04'),
(1385, 19, 54, 'Battery', '2019-10-22 06:43:04', '2019-10-22 06:43:04'),
(1386, 46, 46, 'https://images-na.ssl-images-amazon.com/images/I/71LFpKcZjGL._SY879_.jpg', '2019-10-22 06:46:10', '2019-10-22 06:46:10'),
(1387, 46, 55, 'AI', '2019-10-22 06:46:10', '2019-10-22 06:46:10'),
(1388, 46, 47, 'TestData A', '2019-10-22 06:46:10', '2019-10-22 06:46:10'),
(1389, 46, 48, 'TestData A', '2019-10-22 06:46:10', '2019-10-22 06:46:10'),
(1390, 46, 37, 'Unknown', '2019-10-22 06:46:10', '2019-10-22 06:46:10'),
(1391, 46, 39, 'National Book Award', '2019-10-22 06:46:10', '2019-10-22 06:46:10'),
(1392, 46, 49, 'Good', '2019-10-22 06:46:10', '2019-10-22 06:46:10'),
(1393, 46, 42, 'Information Technology', '2019-10-22 06:46:10', '2019-10-22 06:46:10'),
(1394, 46, 50, '69 and below', '2019-10-22 06:46:29', '2019-10-22 06:46:29'),
(1395, 46, 51, 'Yes', '2019-10-22 06:46:29', '2019-10-22 06:46:29'),
(1396, 46, 36, 'Yes', '2019-10-22 06:46:29', '2019-10-22 06:46:29'),
(1397, 46, 34, 'Human', '2019-10-22 06:46:29', '2019-10-22 06:46:29'),
(1398, 46, 43, 'Other', '2019-10-22 06:46:29', '2019-10-22 06:46:29'),
(1399, 46, 52, ', Chemical sensors, Hearing sensors', '2019-10-22 06:46:29', '2019-10-22 06:46:29'),
(1400, 46, 53, 'Other', '2019-10-22 06:46:29', '2019-10-22 06:46:29'),
(1401, 46, 54, 'Electricity', '2019-10-22 06:46:29', '2019-10-22 06:46:29'),
(1402, 47, 46, 'https://www.ashisuto.co.jp/paxata/column/__icsFiles/afieldfile/2019/02/28/Theme_DR_logo.jpg', '2019-10-22 06:48:05', '2019-10-22 06:48:05'),
(1403, 47, 55, 'AI', '2019-10-22 06:48:05', '2019-10-22 06:48:05'),
(1404, 47, 47, 'TestData A', '2019-10-22 06:48:05', '2019-10-22 06:48:05'),
(1405, 47, 48, 'TestData A', '2019-10-22 06:48:05', '2019-10-22 06:48:05'),
(1406, 47, 37, 'Unknown', '2019-10-22 06:48:05', '2019-10-22 06:48:05'),
(1407, 47, 39, 'Academy Award', '2019-10-22 06:48:05', '2019-10-22 06:48:05'),
(1408, 47, 49, 'Good', '2019-10-22 06:48:05', '2019-10-22 06:48:05'),
(1409, 47, 42, 'Information Technology', '2019-10-22 06:48:05', '2019-10-22 06:48:05'),
(1410, 47, 50, '130 and above', '2019-10-22 06:48:05', '2019-10-22 06:48:05'),
(1411, 47, 51, 'No', '2019-10-22 06:48:05', '2019-10-22 06:48:05'),
(1412, 47, 36, 'No', '2019-10-22 06:48:05', '2019-10-22 06:48:05'),
(1413, 47, 34, 'Other', '2019-10-22 06:48:05', '2019-10-22 06:48:05'),
(1414, 47, 43, 'Other', '2019-10-22 06:48:19', '2019-10-22 06:48:19'),
(1415, 47, 52, ', Other', '2019-10-22 06:48:19', '2019-10-22 06:48:19'),
(1416, 47, 53, 'Other', '2019-10-22 06:48:19', '2019-10-22 06:48:19'),
(1417, 47, 54, 'Other', '2019-10-22 06:48:19', '2019-10-22 06:48:19'),
(1418, 49, 46, 'https://media.entertainmentearth.com/assets/images/fe6e6d1d968b4e6894bce309de1502dblg.jpg', '2019-10-22 06:49:18', '2019-10-22 06:49:18'),
(1419, 49, 55, 'Robot', '2019-10-22 06:49:18', '2019-10-22 06:49:18'),
(1420, 49, 47, 'TestData B', '2019-10-22 06:49:18', '2019-10-22 06:49:18'),
(1421, 49, 48, 'TestData B', '2019-10-22 06:49:18', '2019-10-22 06:49:18'),
(1422, 49, 37, 'Unknown', '2019-10-22 06:49:18', '2019-10-22 06:49:18'),
(1423, 49, 39, 'Emmy Award', '2019-10-22 06:49:18', '2019-10-22 06:49:18'),
(1424, 49, 49, 'Good', '2019-10-22 06:49:18', '2019-10-22 06:49:18'),
(1425, 49, 42, 'Domotic', '2019-10-22 06:49:18', '2019-10-22 06:49:18'),
(1426, 49, 50, '80–89', '2019-10-22 06:49:18', '2019-10-22 06:49:18'),
(1427, 49, 51, 'No', '2019-10-22 06:49:18', '2019-10-22 06:49:18'),
(1428, 49, 36, 'Yes', '2019-10-22 06:49:18', '2019-10-22 06:49:18'),
(1429, 49, 34, 'Alien', '2019-10-22 06:49:18', '2019-10-22 06:49:18'),
(1430, 49, 43, 'Video game', '2019-10-22 06:49:18', '2019-10-22 06:49:18'),
(1431, 49, 52, ', Solar sensors, Taste sensors', '2019-10-22 06:49:18', '2019-10-22 06:49:18'),
(1432, 49, 53, 'Wheels', '2019-10-22 06:49:18', '2019-10-22 06:49:18'),
(1433, 49, 54, 'Electricity', '2019-10-22 06:49:18', '2019-10-22 06:49:18'),
(1434, 50, 46, 'http://cdn.shopify.com/s/files/1/0414/0681/products/61aqCIU13RL._SL1500_800x.jpg?v=1562128732', '2019-10-22 06:50:15', '2019-10-22 06:50:15'),
(1435, 50, 55, 'AI', '2019-10-22 06:50:15', '2019-10-22 06:50:15'),
(1436, 50, 47, 'TestData B', '2019-10-22 06:50:15', '2019-10-22 06:50:15'),
(1437, 50, 48, 'TestData A', '2019-10-22 06:50:15', '2019-10-22 06:50:15'),
(1438, 50, 37, 'Unknown', '2019-10-22 06:50:15', '2019-10-22 06:50:15'),
(1439, 50, 39, 'Robot Award', '2019-10-22 06:50:15', '2019-10-22 06:50:15'),
(1440, 50, 49, 'Evil', '2019-10-22 06:50:15', '2019-10-22 06:50:15'),
(1441, 50, 42, 'Domotic', '2019-10-22 06:50:15', '2019-10-22 06:50:15'),
(1442, 50, 50, '109–119', '2019-10-22 06:50:15', '2019-10-22 06:50:15'),
(1443, 50, 51, 'No', '2019-10-22 06:50:15', '2019-10-22 06:50:15'),
(1444, 50, 36, 'No', '2019-10-22 06:50:15', '2019-10-22 06:50:15'),
(1445, 50, 34, 'Square', '2019-10-22 06:50:15', '2019-10-22 06:50:15'),
(1446, 50, 43, 'Other', '2019-10-22 06:50:15', '2019-10-22 06:50:15'),
(1447, 50, 52, ', Other', '2019-10-22 06:50:15', '2019-10-22 06:50:15'),
(1448, 50, 53, 'Other', '2019-10-22 06:50:15', '2019-10-22 06:50:15'),
(1449, 50, 54, 'Other', '2019-10-22 06:50:15', '2019-10-22 06:50:15'),
(1450, 51, 46, 'https://vignette.wikia.nocookie.net/disney/images/3/3d/Normal.jpg/revision/latest?cb=20130601154411', '2019-10-23 08:24:32', '2019-10-23 08:24:32'),
(1451, 51, 55, 'Robot', '2019-10-23 08:24:32', '2019-10-23 08:24:32'),
(1452, 51, 47, 'TestData B', '2019-10-23 08:24:32', '2019-10-23 08:24:32'),
(1453, 51, 48, 'TestData A', '2019-10-23 08:24:32', '2019-10-23 08:24:32'),
(1454, 51, 37, 'Unknown', '2019-10-23 08:24:32', '2019-10-23 08:24:32'),
(1455, 51, 39, 'Academy Award', '2019-10-23 08:24:32', '2019-10-23 08:24:32'),
(1456, 51, 49, 'Good', '2019-10-23 08:24:32', '2019-10-23 08:24:32'),
(1457, 51, 42, 'Entertainment', '2019-10-23 08:24:32', '2019-10-23 08:24:32'),
(1458, 51, 50, '109–119', '2019-10-23 08:24:32', '2019-10-23 08:24:32'),
(1459, 51, 51, 'Yes', '2019-10-23 08:24:32', '2019-10-23 08:24:32'),
(1460, 51, 36, 'Yes', '2019-10-23 08:24:32', '2019-10-23 08:24:32'),
(1461, 51, 34, 'Animal', '2019-10-23 08:24:32', '2019-10-23 08:24:32'),
(1462, 51, 43, 'Comic', '2019-10-23 08:24:32', '2019-10-23 08:24:32'),
(1463, 51, 52, ', Pressure sensors', '2019-10-23 08:24:32', '2019-10-23 08:24:32'),
(1464, 51, 53, 'Legs', '2019-10-23 08:24:32', '2019-10-23 08:24:32'),
(1465, 51, 54, 'Electricity', '2019-10-23 08:24:32', '2019-10-23 08:24:32'),
(1466, 52, 46, 'https://lh3.googleusercontent.com/mb8JISp7syGJI1aY8GwYIyrxGzqkNvzeL6v5iRfxtmASafvS1gGNSsCuA9MuzkNMbN3w', '2019-10-23 08:25:46', '2019-10-23 08:25:46'),
(1467, 52, 55, 'AI', '2019-10-23 08:25:46', '2019-10-23 08:25:46'),
(1468, 52, 47, 'TestData B', '2019-10-23 08:25:46', '2019-10-23 08:25:46'),
(1469, 52, 48, 'TestData A', '2019-10-23 08:25:46', '2019-10-23 08:25:46'),
(1470, 52, 37, 'Unknown', '2019-10-23 08:25:46', '2019-10-23 08:25:46'),
(1471, 52, 39, 'Emmy Award', '2019-10-23 08:25:46', '2019-10-23 08:25:46'),
(1472, 52, 49, 'Evil', '2019-10-23 08:25:46', '2019-10-23 08:25:46'),
(1473, 52, 42, 'Information Technology', '2019-10-23 08:25:46', '2019-10-23 08:25:46'),
(1474, 52, 50, '130 and above', '2019-10-23 08:25:46', '2019-10-23 08:25:46'),
(1475, 52, 51, 'No', '2019-10-23 08:25:46', '2019-10-23 08:25:46'),
(1476, 52, 36, 'No', '2019-10-23 08:25:46', '2019-10-23 08:25:46'),
(1477, 52, 34, 'Mechanical object', '2019-10-23 08:25:46', '2019-10-23 08:25:46'),
(1478, 52, 43, 'Video game', '2019-10-23 08:25:46', '2019-10-23 08:25:46'),
(1479, 52, 52, ', Pressure sensors, Solar sensors', '2019-10-23 08:25:46', '2019-10-23 08:25:46'),
(1480, 52, 53, 'Other', '2019-10-23 08:25:46', '2019-10-23 08:25:46'),
(1481, 52, 54, 'Solar', '2019-10-23 08:25:46', '2019-10-23 08:25:46'),
(1482, 53, 46, 'https://files.cults3d.com/uploaders/13768734/illustration-file/8d2c6470-def9-48b6-9b4c-453c56f39a70/focus-metropolis_display_large_large.jpg', '2019-10-23 08:28:01', '2019-10-23 08:28:01'),
(1483, 53, 55, 'Robot', '2019-10-23 08:28:01', '2019-10-23 08:28:01'),
(1484, 53, 47, 'TestData B', '2019-10-23 08:28:01', '2019-10-23 08:28:01'),
(1485, 53, 48, 'TestData A', '2019-10-23 08:28:01', '2019-10-23 08:28:01'),
(1486, 53, 37, 'Unknown', '2019-10-23 08:28:01', '2019-10-23 08:28:01'),
(1487, 53, 39, 'Robot Award', '2019-10-23 08:28:01', '2019-10-23 08:28:01'),
(1488, 53, 49, 'Evil', '2019-10-23 08:28:01', '2019-10-23 08:28:01'),
(1489, 53, 42, 'Military', '2019-10-23 08:28:01', '2019-10-23 08:28:01'),
(1490, 53, 50, '120–129', '2019-10-23 08:28:01', '2019-10-23 08:28:01'),
(1491, 53, 51, 'No', '2019-10-23 08:28:01', '2019-10-23 08:28:01'),
(1492, 53, 36, 'Yes', '2019-10-23 08:28:01', '2019-10-23 08:28:01'),
(1493, 53, 34, 'Alien', '2019-10-23 08:28:01', '2019-10-23 08:28:01'),
(1494, 53, 43, 'Film', '2019-10-23 08:28:01', '2019-10-23 08:28:01'),
(1495, 53, 52, ', Hearing sensors, Light sensors', '2019-10-23 08:28:01', '2019-10-23 08:28:01'),
(1496, 53, 53, 'Legs', '2019-10-23 08:28:01', '2019-10-23 08:28:01'),
(1497, 53, 54, 'Electricity', '2019-10-23 08:28:01', '2019-10-23 08:28:01'),
(1498, 62, 46, 'https://render.fineartamerica.com/images/rendered/default/poster/10/8/break/images-medium/model-of-the-mars-pathfinder-rover-sojourner-nasa.jpg', '2019-10-23 08:29:47', '2019-10-23 08:29:47'),
(1499, 62, 55, 'Robot', '2019-10-23 08:29:47', '2019-10-23 08:29:47'),
(1500, 62, 47, 'TestData A', '2019-10-23 08:29:47', '2019-10-23 08:29:47'),
(1501, 62, 48, 'TestData B', '2019-10-23 08:29:47', '2019-10-23 08:29:47'),
(1502, 62, 37, 'TestData C', '2019-10-23 08:29:47', '2019-10-23 08:29:47'),
(1503, 62, 39, 'Emmy Award', '2019-10-23 08:29:47', '2019-10-23 08:29:47'),
(1504, 62, 49, 'Good', '2019-10-23 08:29:47', '2019-10-23 08:29:47'),
(1505, 62, 42, 'Research', '2019-10-23 08:29:47', '2019-10-23 08:29:47'),
(1506, 62, 50, '130 and above', '2019-10-23 08:29:47', '2019-10-23 08:29:47'),
(1507, 62, 51, 'No', '2019-10-23 08:29:47', '2019-10-23 08:29:47'),
(1508, 62, 36, 'No', '2019-10-23 08:29:47', '2019-10-23 08:29:47'),
(1509, 62, 34, 'Mechanical object', '2019-10-23 08:29:47', '2019-10-23 08:29:47'),
(1510, 62, 43, 'Other', '2019-10-23 08:29:47', '2019-10-23 08:29:47'),
(1511, 62, 52, ', Other', '2019-10-23 08:29:47', '2019-10-23 08:29:47'),
(1512, 62, 53, 'Wheels', '2019-10-23 08:29:47', '2019-10-23 08:29:47'),
(1513, 62, 54, 'Solar', '2019-10-23 08:29:47', '2019-10-23 08:29:47'),
(1514, 64, 46, 'https://cdn.hswstatic.com/gif/asimo-1a.jpg', '2019-10-23 08:33:15', '2019-10-23 08:33:15'),
(1515, 64, 55, 'Robot', '2019-10-23 08:33:15', '2019-10-23 08:33:15'),
(1516, 64, 47, 'TestData B', '2019-10-23 08:33:15', '2019-10-23 08:33:15'),
(1517, 64, 48, 'TestData A', '2019-10-23 08:33:15', '2019-10-23 08:33:15'),
(1518, 64, 37, 'TestData C', '2019-10-23 08:33:15', '2019-10-23 08:33:15'),
(1519, 64, 39, 'National Book Award', '2019-10-23 08:33:15', '2019-10-23 08:33:15'),
(1520, 64, 49, 'Good', '2019-10-23 08:33:15', '2019-10-23 08:33:15'),
(1521, 64, 42, 'Public Security', '2019-10-23 08:33:15', '2019-10-23 08:33:15'),
(1522, 64, 50, '80–89', '2019-10-23 08:33:32', '2019-10-23 08:33:32'),
(1523, 64, 51, 'No', '2019-10-23 08:33:32', '2019-10-23 08:33:32'),
(1524, 64, 36, 'Yes', '2019-10-23 08:33:32', '2019-10-23 08:33:32'),
(1525, 64, 34, 'Alien', '2019-10-23 08:33:32', '2019-10-23 08:33:32'),
(1526, 64, 43, 'Comic', '2019-10-23 08:33:32', '2019-10-23 08:33:32'),
(1527, 64, 52, ', Chemical sensors, Hearing sensors, Light sensors', '2019-10-23 08:33:32', '2019-10-23 08:33:32'),
(1528, 64, 53, 'Thrusters', '2019-10-23 08:33:32', '2019-10-23 08:33:32'),
(1529, 64, 54, 'Electricity', '2019-10-23 08:33:32', '2019-10-23 08:33:32'),
(1530, 65, 46, 'https://www.sri.com/sites/default/timeline/images/shakey.jpg', '2019-10-23 08:34:29', '2019-10-23 08:34:29'),
(1531, 65, 55, 'Robot', '2019-10-23 08:34:29', '2019-10-23 08:34:29'),
(1532, 65, 47, 'TestData A', '2019-10-23 08:34:29', '2019-10-23 08:34:29'),
(1533, 65, 48, 'TestData A', '2019-10-23 08:34:29', '2019-10-23 08:34:29'),
(1534, 65, 37, 'TestData C', '2019-10-23 08:34:29', '2019-10-23 08:34:29'),
(1535, 65, 39, 'Emmy Award', '2019-10-23 08:34:29', '2019-10-23 08:34:29'),
(1536, 65, 49, 'Good', '2019-10-23 08:34:29', '2019-10-23 08:34:29'),
(1537, 65, 42, 'Medical', '2019-10-23 08:34:29', '2019-10-23 08:34:29'),
(1538, 65, 50, '130 and above', '2019-10-23 08:34:29', '2019-10-23 08:34:29'),
(1539, 65, 51, 'No', '2019-10-23 08:34:29', '2019-10-23 08:34:29'),
(1540, 65, 36, 'No', '2019-10-23 08:34:29', '2019-10-23 08:34:29'),
(1541, 65, 34, 'Mechanical object', '2019-10-23 08:34:29', '2019-10-23 08:34:29'),
(1542, 65, 43, 'Other', '2019-10-23 08:34:29', '2019-10-23 08:34:29'),
(1543, 65, 52, ', Other', '2019-10-23 08:34:29', '2019-10-23 08:34:29'),
(1544, 65, 53, 'Thrusters', '2019-10-23 08:34:29', '2019-10-23 08:34:29'),
(1545, 65, 54, 'Electricity', '2019-10-23 08:34:29', '2019-10-23 08:34:29'),
(1546, 66, 46, 'https://th.thgim.com/sci-tech/article20571100.ece/alternates/FREE_660/21bgmaibojpeg', '2019-10-23 08:35:29', '2019-10-23 08:35:29'),
(1547, 66, 55, 'Robot', '2019-10-23 08:35:29', '2019-10-23 08:35:29'),
(1548, 66, 47, 'TestData B', '2019-10-23 08:35:29', '2019-10-23 08:35:29'),
(1549, 66, 48, 'TestData A', '2019-10-23 08:35:29', '2019-10-23 08:35:29'),
(1550, 66, 37, 'TestData C', '2019-10-23 08:35:29', '2019-10-23 08:35:29'),
(1551, 66, 39, 'National Book Award', '2019-10-23 08:35:29', '2019-10-23 08:35:29'),
(1552, 66, 49, 'Good', '2019-10-23 08:35:29', '2019-10-23 08:35:29'),
(1553, 66, 42, 'Entertainment', '2019-10-23 08:35:29', '2019-10-23 08:35:29'),
(1554, 66, 50, '70–79', '2019-10-23 08:35:29', '2019-10-23 08:35:29'),
(1555, 66, 51, 'No', '2019-10-23 08:35:29', '2019-10-23 08:35:29'),
(1556, 66, 36, 'Yes', '2019-10-23 08:35:29', '2019-10-23 08:35:29'),
(1557, 66, 34, 'Animal', '2019-10-23 08:35:29', '2019-10-23 08:35:29'),
(1558, 66, 43, 'Comic', '2019-10-23 08:35:29', '2019-10-23 08:35:29'),
(1559, 66, 52, ', Hearing sensors, Light sensors, Pressure sensors', '2019-10-23 08:35:29', '2019-10-23 08:35:29'),
(1560, 66, 53, 'Legs', '2019-10-23 08:35:29', '2019-10-23 08:35:29'),
(1561, 66, 54, 'Solar', '2019-10-23 08:35:29', '2019-10-23 08:35:29'),
(1562, 67, 46, 'http://www.engineering.com/portals/0/BlogFiles/SCARA-Robot%20(1).jpg', '2019-10-23 08:36:32', '2019-10-23 08:36:32'),
(1563, 67, 55, 'Robot', '2019-10-23 08:36:32', '2019-10-23 08:36:32'),
(1564, 67, 47, 'TestData B', '2019-10-23 08:36:32', '2019-10-23 08:36:32'),
(1565, 67, 48, 'TestData A', '2019-10-23 08:36:32', '2019-10-23 08:36:32'),
(1566, 67, 37, 'TestData C', '2019-10-23 08:36:32', '2019-10-23 08:36:32'),
(1567, 67, 39, 'Robot Award', '2019-10-23 08:36:32', '2019-10-23 08:36:32'),
(1568, 67, 49, 'Good', '2019-10-23 08:36:32', '2019-10-23 08:36:32'),
(1569, 67, 42, 'Domotic', '2019-10-23 08:36:32', '2019-10-23 08:36:32'),
(1570, 67, 50, '69 and below', '2019-10-23 08:36:32', '2019-10-23 08:36:32'),
(1571, 67, 51, 'No', '2019-10-23 08:36:32', '2019-10-23 08:36:32'),
(1572, 67, 36, 'No', '2019-10-23 08:36:32', '2019-10-23 08:36:32'),
(1573, 67, 34, 'Mechanical object', '2019-10-23 08:36:32', '2019-10-23 08:36:32'),
(1574, 67, 43, 'Book', '2019-10-23 08:36:32', '2019-10-23 08:36:32'),
(1575, 67, 52, ', Hearing sensors, Light sensors, Taste sensors', '2019-10-23 08:36:32', '2019-10-23 08:36:32'),
(1576, 67, 53, 'Other', '2019-10-23 08:36:32', '2019-10-23 08:36:32'),
(1577, 67, 54, 'Electricity', '2019-10-23 08:36:32', '2019-10-23 08:36:32'),
(1578, 124, 55, 'Robot', '2019-10-23 08:42:08', '2019-10-23 08:42:08'),
(1579, 69, 46, 'http://www.ai.mit.edu/projects/leglab/robots/2D_hopper/2D_hopper.jpeg', '2019-10-23 08:43:51', '2019-10-23 08:43:51'),
(1580, 69, 55, 'AI', '2019-10-23 08:43:51', '2019-10-23 08:43:51'),
(1581, 69, 47, 'TestData A', '2019-10-23 08:43:51', '2019-10-23 08:43:51'),
(1582, 69, 48, 'TestData A', '2019-10-23 08:43:51', '2019-10-23 08:43:51'),
(1583, 69, 37, 'TestData C', '2019-10-23 08:43:51', '2019-10-23 08:43:51'),
(1584, 69, 39, 'Academy Award', '2019-10-23 08:43:51', '2019-10-23 08:43:51'),
(1585, 69, 49, 'Evil', '2019-10-23 08:43:51', '2019-10-23 08:43:51'),
(1586, 69, 42, 'Military', '2019-10-23 08:43:51', '2019-10-23 08:43:51'),
(1587, 69, 50, '120–129', '2019-10-23 08:43:51', '2019-10-23 08:43:51'),
(1588, 69, 51, 'No', '2019-10-23 08:43:51', '2019-10-23 08:43:51'),
(1589, 69, 36, 'No', '2019-10-23 08:43:51', '2019-10-23 08:43:51'),
(1590, 69, 34, 'Circle', '2019-10-23 08:43:51', '2019-10-23 08:43:51'),
(1591, 69, 43, 'Book', '2019-10-23 08:43:51', '2019-10-23 08:43:51'),
(1592, 69, 52, ', Hearing sensors, Light sensors, Pressure sensors, Solar sensors', '2019-10-23 08:43:51', '2019-10-23 08:43:51'),
(1593, 69, 53, 'Other', '2019-10-23 08:43:51', '2019-10-23 08:43:51'),
(1594, 69, 54, 'Other', '2019-10-23 08:43:51', '2019-10-23 08:43:51'),
(1595, 70, 46, 'http://www.cs.cmu.edu/~dhuber/projects/terrain_mapping/BF2.jpg', '2019-10-23 08:44:56', '2019-10-23 08:44:56'),
(1596, 70, 55, 'Robot', '2019-10-23 08:44:56', '2019-10-23 08:44:56'),
(1597, 70, 47, 'TestData A', '2019-10-23 08:44:56', '2019-10-23 08:44:56'),
(1598, 70, 48, 'TestData A', '2019-10-23 08:44:56', '2019-10-23 08:44:56'),
(1599, 70, 37, 'TestData C', '2019-10-23 08:44:56', '2019-10-23 08:44:56'),
(1600, 70, 39, 'Academy Award', '2019-10-23 08:44:56', '2019-10-23 08:44:56'),
(1601, 70, 49, 'Good', '2019-10-23 08:44:56', '2019-10-23 08:44:56'),
(1602, 70, 42, 'Domotic', '2019-10-23 08:44:56', '2019-10-23 08:44:56'),
(1603, 70, 50, '69 and below', '2019-10-23 08:44:56', '2019-10-23 08:44:56'),
(1604, 70, 51, 'No', '2019-10-23 08:44:56', '2019-10-23 08:44:56'),
(1605, 70, 36, 'No', '2019-10-23 08:44:56', '2019-10-23 08:44:56'),
(1606, 70, 34, 'Car', '2019-10-23 08:44:56', '2019-10-23 08:44:56'),
(1607, 70, 43, 'Book', '2019-10-23 08:44:56', '2019-10-23 08:44:56'),
(1608, 70, 52, ', Other', '2019-10-23 08:44:56', '2019-10-23 08:44:56'),
(1609, 70, 53, 'Wheels', '2019-10-23 08:44:56', '2019-10-23 08:44:56'),
(1610, 70, 54, 'Solar', '2019-10-23 08:44:56', '2019-10-23 08:44:56'),
(1666, 131, 11, 'Optimus Prime', '2019-10-25 08:05:58', '2019-10-25 08:05:58'),
(1667, 131, 46, 'https://images-na.ssl-images-amazon.com/images/I/91iUn9jPMYL._SX425_.jpg', '2019-10-25 08:05:58', '2019-10-27 06:32:10'),
(1668, 131, 55, 'Robot', '2019-10-25 08:05:58', '2019-10-25 08:05:58'),
(1669, 131, 8, '2007', '2019-10-25 08:05:58', '2019-10-25 08:05:58'),
(1670, 131, 47, 'movie', '2019-10-25 08:05:58', '2019-10-25 08:05:58'),
(1671, 131, 48, 'Sony movie division', '2019-10-25 08:05:58', '2019-10-25 08:05:58'),
(1672, 131, 37, 'tesing', '2019-10-25 08:05:58', '2019-10-25 08:05:58'),
(1673, 131, 39, 'Academy Award', '2019-10-25 08:05:58', '2019-10-25 08:05:58'),
(1674, 131, 49, 'Good', '2019-10-25 08:05:58', '2019-10-25 08:05:58'),
(1675, 131, 42, 'Military', '2019-10-25 08:05:58', '2019-10-25 08:05:58'),
(1676, 131, 50, '130 and above', '2019-10-25 08:05:58', '2019-10-25 08:05:58'),
(1677, 131, 51, 'Yes', '2019-10-25 08:05:58', '2019-10-25 08:05:58'),
(1678, 131, 36, 'Yes', '2019-10-25 08:05:58', '2019-10-25 08:05:58'),
(1679, 131, 34, 'Car', '2019-10-25 08:05:58', '2019-10-25 08:05:58'),
(1680, 131, 43, 'Film', '2019-10-25 08:05:58', '2019-10-25 08:05:58'),
(1681, 131, 52, ', Chemical sensors, Hearing sensors, Light sensors, Pressure sensors, Solar sensors, Taste sensors', '2019-10-25 08:05:58', '2019-10-27 06:12:05'),
(1682, 131, 53, 'Legs', '2019-10-25 08:05:58', '2019-10-25 08:05:58'),
(1683, 131, 54, 'Battery', '2019-10-25 08:05:58', '2019-10-25 08:05:58'),
(1685, 132, 11, 'Bumblebee', '2019-10-25 08:06:51', '2019-10-27 06:13:07'),
(1686, 132, 46, 'https://images-na.ssl-images-amazon.com/images/I/813TqAZMVNL._SX425_.jpg', '2019-10-25 08:06:51', '2019-10-27 06:32:44'),
(1687, 132, 55, 'Robot', '2019-10-25 08:06:51', '2019-10-25 08:06:51'),
(1688, 132, 8, '2007', '2019-10-25 08:06:51', '2019-10-25 08:06:51'),
(1689, 132, 47, 'movie', '2019-10-25 08:06:51', '2019-10-25 08:06:51'),
(1690, 132, 48, 'Sony movie division', '2019-10-25 08:06:51', '2019-10-25 08:06:51'),
(1691, 132, 37, 'tesing', '2019-10-25 08:06:51', '2019-10-25 08:06:51'),
(1692, 132, 39, 'Academy Award', '2019-10-25 08:06:51', '2019-10-25 08:06:51'),
(1693, 132, 49, 'Good', '2019-10-25 08:06:51', '2019-10-25 08:06:51'),
(1694, 132, 42, 'Military', '2019-10-25 08:06:51', '2019-10-25 08:06:51'),
(1695, 132, 50, '130 and above', '2019-10-25 08:06:51', '2019-10-25 08:06:51'),
(1696, 132, 51, 'Yes', '2019-10-25 08:06:51', '2019-10-25 08:06:51'),
(1697, 132, 36, 'Yes', '2019-10-25 08:06:51', '2019-10-25 08:06:51'),
(1698, 132, 34, 'Car', '2019-10-25 08:06:51', '2019-10-25 08:06:51'),
(1699, 132, 43, 'Film', '2019-10-25 08:06:51', '2019-10-25 08:06:51'),
(1700, 132, 52, ', Chemical sensors, Hearing sensors, Light sensors, Pressure sensors, Solar sensors, Taste sensors', '2019-10-25 08:06:51', '2019-10-27 06:13:07'),
(1701, 132, 53, 'Legs', '2019-10-25 08:06:51', '2019-10-25 08:06:51'),
(1702, 132, 54, 'Battery', '2019-10-25 08:06:51', '2019-10-25 08:06:51'),
(2046, 152, 11, 'Iron Giant', '2019-10-31 05:42:54', '2019-10-31 05:42:54'),
(2047, 152, 46, 'https://www.sideshow.com/wp/wp-content/uploads/2018/10/4002872_press01.jpg', '2019-10-31 05:42:54', '2019-10-31 05:42:54'),
(2048, 152, 55, 'AI', '2019-10-31 05:42:54', '2019-10-31 05:42:54'),
(2049, 152, 8, '1991', '2019-10-31 05:42:54', '2019-10-31 05:42:54'),
(2050, 152, 47, 'The Iron Giant Movie', '2019-10-31 05:42:54', '2019-10-31 05:42:54'),
(2051, 152, 48, 'Brad Bird', '2019-10-31 05:42:54', '2019-10-31 05:42:54'),
(2052, 152, 37, 'Fantastic robot', '2019-10-31 05:42:54', '2019-10-31 05:42:54'),
(2053, 153, 11, 'Iron Giant', '2019-10-31 05:43:16', '2019-10-31 05:43:16'),
(2054, 153, 46, 'https://www.sideshow.com/wp/wp-content/uploads/2018/10/4002872_press01.jpg', '2019-10-31 05:43:16', '2019-10-31 05:43:16'),
(2055, 153, 55, 'AI', '2019-10-31 05:43:16', '2019-10-31 05:43:16'),
(2056, 153, 8, '1991', '2019-10-31 05:43:16', '2019-10-31 05:43:16'),
(2057, 153, 47, 'The Iron Giant Movie', '2019-10-31 05:43:16', '2019-10-31 05:43:16'),
(2058, 153, 48, 'Brad Bird', '2019-10-31 05:43:16', '2019-10-31 05:43:16'),
(2059, 153, 37, 'Fantastic robot', '2019-10-31 05:43:16', '2019-10-31 05:43:16'),
(2060, 153, 39, 'Academy Award', '2019-10-31 05:43:16', '2019-10-31 05:43:16'),
(2061, 153, 42, 'Information Technology', '2019-10-31 05:43:16', '2019-10-31 05:43:16'),
(2062, 153, 49, 'Evil', '2019-10-31 05:43:16', '2019-10-31 05:43:16'),
(2063, 153, 50, '120–129', '2019-10-31 05:43:16', '2019-10-31 05:43:16'),
(2064, 153, 51, 'Yes', '2019-10-31 05:43:16', '2019-10-31 05:43:16'),
(2065, 153, 36, 'No', '2019-10-31 05:43:16', '2019-10-31 05:43:16'),
(2066, 153, 34, 'Animal', '2019-10-31 05:43:16', '2019-10-31 05:43:16'),
(2067, 153, 43, 'Book', '2019-10-31 05:43:16', '2019-10-31 05:43:16'),
(2068, 153, 52, ', Hearing sensors, Light sensors, Solar sensors', '2019-10-31 05:43:16', '2019-10-31 05:43:56'),
(2069, 153, 53, 'Legs', '2019-10-31 05:43:16', '2019-10-31 05:43:16'),
(2070, 153, 54, 'Battery', '2019-10-31 05:43:16', '2019-10-31 05:43:16'),
(2071, 154, 11, 'iRobot', '2019-10-31 05:51:24', '2019-10-31 05:51:24'),
(2072, 154, 46, 'data:image/jpeg;base64,/9j/4AAQSkZJRgABAQAAAQABAAD/2wCEAAkGBxASERIPEBIQEBUVFRcVEBAQFRUVFRAQFRUWFxURFRUYHSggGBolHRUVITEhJSkrLi4uFx8zODMsNygtLisBCgoKDg0OGxAQGy0lHyYtLS0tLS0tLS0tLS0tLS0tKy0tLS0tLS0tLS0tLS0tLS0tLSstLS0tLS0tLS0tLS0tLf/AABEIALcBFAMBIgACEQEDEQH/', '2019-10-31 05:51:24', '2019-10-31 05:51:24'),
(2073, 154, 55, 'Robot', '2019-10-31 05:51:24', '2019-10-31 05:51:24'),
(2074, 154, 8, '2019', '2019-10-31 05:51:24', '2019-10-31 05:51:24'),
(2075, 154, 47, 'Tomato', '2019-10-31 05:51:24', '2019-10-31 05:51:24'),
(2076, 154, 48, 'Me', '2019-10-31 05:51:24', '2019-10-31 05:51:24'),
(2077, 154, 37, 'This is a robot.', '2019-10-31 05:51:24', '2019-10-31 05:51:24'),
(2078, 154, 39, 'Robot Award', '2019-10-31 05:51:24', '2019-10-31 05:51:24'),
(2079, 154, 42, 'Other', '2019-10-31 05:51:24', '2019-10-31 05:51:24'),
(2080, 154, 49, 'Evil', '2019-10-31 05:51:24', '2019-10-31 05:51:24'),
(2081, 154, 50, '130 and above', '2019-10-31 05:51:24', '2019-10-31 05:51:24'),
(2082, 154, 51, 'Yes', '2019-10-31 05:51:24', '2019-10-31 05:51:24'),
(2083, 154, 36, 'Yes', '2019-10-31 05:51:24', '2019-10-31 05:51:24'),
(2084, 154, 34, 'Mechanical object', '2019-10-31 05:51:24', '2019-10-31 05:51:24'),
(2085, 154, 43, 'Other', '2019-10-31 05:51:24', '2019-10-31 05:51:24'),
(2086, 154, 52, 'Other', '2019-10-31 05:51:24', '2019-10-31 05:51:24'),
(2087, 154, 53, 'Other', '2019-10-31 05:51:24', '2019-10-31 05:51:24'),
(2088, 154, 54, 'Other', '2019-10-31 05:51:24', '2019-10-31 05:51:24'),
(2089, 155, 11, 'Duh', '2019-10-31 05:52:50', '2019-10-31 05:52:50'),
(2090, 155, 46, 'd', '2019-10-31 05:52:50', '2019-10-31 05:52:50'),
(2091, 155, 55, 'Robot', '2019-10-31 05:52:50', '2019-10-31 05:52:50'),
(2092, 155, 8, '2019', '2019-10-31 05:52:50', '2019-10-31 05:52:50'),
(2093, 155, 47, 'dfsafd', '2019-10-31 05:52:50', '2019-10-31 05:52:50'),
(2094, 155, 48, 'asdfdf', '2019-10-31 05:52:50', '2019-10-31 05:52:50'),
(2095, 155, 37, 'dfsafsaf', '2019-10-31 05:52:50', '2019-10-31 05:52:50'),
(2096, 155, 39, 'Academy Award', '2019-10-31 05:52:50', '2019-10-31 05:52:50'),
(2097, 155, 42, 'Entertainment', '2019-10-31 05:52:50', '2019-10-31 05:52:50'),
(2098, 155, 49, 'Evil', '2019-10-31 05:52:50', '2019-10-31 05:52:50'),
(2099, 155, 50, '130 and above', '2019-10-31 05:52:50', '2019-10-31 05:52:50'),
(2100, 155, 51, 'Yes', '2019-10-31 05:52:50', '2019-10-31 05:52:50'),
(2101, 155, 36, 'Yes', '2019-10-31 05:52:50', '2019-10-31 05:52:50'),
(2102, 155, 34, 'Human', '2019-10-31 05:52:50', '2019-10-31 05:52:50'),
(2103, 155, 43, 'Film', '2019-10-31 05:52:50', '2019-10-31 05:52:50'),
(2104, 155, 52, 'Chemical sensors, Hearing sensors, Light sensors, Other, Pressure sensors, Solar sensors, Taste sensors', '2019-10-31 05:52:50', '2019-10-31 05:52:50'),
(2105, 155, 53, 'Thrusters', '2019-10-31 05:52:50', '2019-10-31 05:52:50'),
(2106, 155, 54, 'Battery', '2019-10-31 05:52:50', '2019-10-31 05:52:50'),
(2107, 156, 11, 'Jono', '2019-10-31 05:53:06', '2019-10-31 05:53:06'),
(2108, 156, 46, 'https://www.google.com/url?sa=i&source=images&cd=&ved=2ahUKEwi39vz25sXlAhXSV30KHVVmBLMQjRx6BAgBEAQ&url=https%3A%2F%2Fwww.therobotreport.com%2F&psig=AOvVaw0StrMsNCTPm_mCtC0tnrdt&ust=1572587453518383', '2019-10-31 05:53:06', '2019-10-31 05:53:06'),
(2109, 156, 55, 'Robot', '2019-10-31 05:53:06', '2019-10-31 05:53:06'),
(2110, 156, 8, '2230', '2019-10-31 05:53:06', '2019-10-31 05:53:06'),
(2111, 156, 47, 'mars', '2019-10-31 05:53:06', '2019-10-31 05:53:06'),
(2112, 156, 48, 'tom cruse', '2019-10-31 05:53:06', '2019-10-31 05:53:06'),
(2113, 156, 37, 'big', '2019-10-31 05:53:06', '2019-10-31 05:53:06'),
(2114, 156, 39, 'Robot Award', '2019-10-31 05:53:06', '2019-10-31 05:53:06'),
(2115, 156, 42, 'Other', '2019-10-31 05:53:06', '2019-10-31 05:53:06'),
(2116, 156, 49, 'Good', '2019-10-31 05:53:06', '2019-10-31 05:53:06'),
(2117, 156, 50, '70–79', '2019-10-31 05:53:06', '2019-10-31 05:53:06'),
(2118, 156, 51, 'No', '2019-10-31 05:53:06', '2019-10-31 05:53:06'),
(2119, 156, 36, 'Yes', '2019-10-31 05:53:06', '2019-10-31 05:53:06'),
(2120, 156, 34, 'Human', '2019-10-31 05:53:06', '2019-10-31 05:53:06'),
(2121, 156, 43, 'Other', '2019-10-31 05:53:06', '2019-10-31 05:53:06'),
(2122, 156, 52, ', Chemical sensors, Hearing sensors, Solar sensors', '2019-10-31 05:53:06', '2019-10-31 05:53:36'),
(2123, 156, 53, 'Thrusters', '2019-10-31 05:53:06', '2019-10-31 05:53:06'),
(2124, 156, 54, 'Other', '2019-10-31 05:53:06', '2019-10-31 05:53:06'),
(2125, 157, 11, 'duh', '2019-10-31 05:54:48', '2019-10-31 05:54:48'),
(2126, 157, 46, 'dsfasf', '2019-10-31 05:54:48', '2019-10-31 05:54:48'),
(2127, 157, 55, 'Robot', '2019-10-31 05:54:48', '2019-10-31 05:54:48'),
(2128, 157, 8, 'adfsf', '2019-10-31 05:54:48', '2019-10-31 05:54:48'),
(2129, 157, 47, 'dfsdf', '2019-10-31 05:54:48', '2019-10-31 05:54:48'),
(2130, 157, 48, 'adfsaf', '2019-10-31 05:54:48', '2019-10-31 05:54:48'),
(2131, 157, 37, 'adfsa', '2019-10-31 05:54:48', '2019-10-31 05:54:48'),
(2132, 157, 39, 'Emmy Award', '2019-10-31 05:54:48', '2019-10-31 05:54:48'),
(2133, 157, 42, 'Entertainment', '2019-10-31 05:54:48', '2019-10-31 05:54:48'),
(2134, 157, 49, 'Good', '2019-10-31 05:54:48', '2019-10-31 05:54:48'),
(2135, 157, 50, '130 and above', '2019-10-31 05:54:48', '2019-10-31 05:54:48'),
(2136, 157, 51, 'Yes', '2019-10-31 05:54:48', '2019-10-31 05:54:48'),
(2137, 157, 36, 'No', '2019-10-31 05:54:48', '2019-10-31 05:54:48'),
(2138, 157, 34, 'Animal', '2019-10-31 05:54:48', '2019-10-31 05:54:48'),
(2139, 157, 43, 'Comic', '2019-10-31 05:54:48', '2019-10-31 05:54:48'),
(2140, 157, 52, 'Hearing sensors', '2019-10-31 05:54:48', '2019-10-31 05:54:48'),
(2141, 157, 53, 'Thrusters', '2019-10-31 05:54:48', '2019-10-31 05:54:48'),
(2142, 157, 54, 'Solar', '2019-10-31 05:54:48', '2019-10-31 05:54:48');

-- --------------------------------------------------------

--
-- Table structure for table `saved_lists`
--

CREATE TABLE `saved_lists` (
  `id` bigint(20) UNSIGNED NOT NULL,
  `user_id` bigint(20) UNSIGNED NOT NULL,
  `robot_id` bigint(20) UNSIGNED NOT NULL,
  `created_at` timestamp NULL DEFAULT NULL,
  `updated_at` timestamp NULL DEFAULT NULL
) ENGINE=InnoDB DEFAULT CHARSET=utf8;

--
-- Dumping data for table `saved_lists`
--

INSERT INTO `saved_lists` (`id`, `user_id`, `robot_id`, `created_at`, `updated_at`) VALUES
(4, 1, 6, '2019-10-04 09:27:54', '2019-10-04 09:27:54'),
(5, 6, 8, '2019-10-09 22:52:00', '2019-10-09 22:52:00'),
(8, 6, 9, '2019-10-13 05:57:18', '2019-10-13 05:57:18'),
(9, 6, 4, '2019-10-15 09:38:46', '2019-10-15 09:38:46'),
(11, 15, 4, '2019-10-20 10:30:01', '2019-10-20 10:30:01'),
(13, 1, 46, '2019-10-22 06:51:21', '2019-10-22 06:51:21'),
(15, 1, 9, '2019-10-25 04:29:06', '2019-10-25 04:29:06'),
(16, 1, 131, '2019-10-27 06:33:40', '2019-10-27 06:33:40'),
(18, 17, 9, '2019-10-28 08:26:15', '2019-10-28 08:26:15'),
(19, 17, 4, '2019-10-29 05:04:45', '2019-10-29 05:04:45');

-- --------------------------------------------------------

--
-- Table structure for table `subscribes`
--

CREATE TABLE `subscribes` (
  `id` bigint(20) UNSIGNED NOT NULL,
  `email` varchar(255) NOT NULL,
  `subscribe` tinyint(1) NOT NULL,
  `created_at` timestamp NULL DEFAULT NULL,
  `updated_at` timestamp NULL DEFAULT NULL
) ENGINE=InnoDB DEFAULT CHARSET=utf8;

-- --------------------------------------------------------

--
-- Table structure for table `users`
--

CREATE TABLE `users` (
  `id` bigint(20) UNSIGNED NOT NULL,
  `name` varchar(255) NOT NULL,
  `email` varchar(255) NOT NULL,
  `email_verified_at` timestamp NULL DEFAULT NULL,
  `password` varchar(255) NOT NULL,
  `phone` varchar(255) DEFAULT NULL,
  `address` varchar(255) DEFAULT NULL,
  `dob` date DEFAULT NULL,
  `avatar` varchar(255) DEFAULT NULL,
  `privilege` tinyint(3) UNSIGNED NOT NULL,
  `remember_token` varchar(100) DEFAULT NULL,
  `created_at` timestamp NULL DEFAULT NULL,
  `updated_at` timestamp NULL DEFAULT NULL
) ENGINE=InnoDB DEFAULT CHARSET=utf8;

--
-- Dumping data for table `users`
--

INSERT INTO `users` (`id`, `name`, `email`, `email_verified_at`, `password`, `phone`, `address`, `dob`, `avatar`, `privilege`, `remember_token`, `created_at`, `updated_at`) VALUES
(1, 'Admin', 'admin@robotgalaxy.online', NULL, '$2y$10$sizVXkJz95BlIQz77JSuIeK8qETuqONlBVLEEy8odd.JyG6zlKZ2S', NULL, NULL, NULL, NULL, 100, NULL, NULL, '2019-10-22 06:29:50'),
(2, 'Guest', 'guest@robotgalaxy.online', NULL, '$2y$10$5cWkxrXm98F2OMtVb91/GOOc1o8Thywnuq9j.uK248NsylIS.njKC', NULL, NULL, NULL, NULL, 1, NULL, NULL, '2019-10-18 01:34:49'),
(3, 'tester', 'tester@robotgalaxy.online', NULL, '$2y$10$8zDG6mAVlMNZuUnvfyTLv.2r/ffWYrZck4Vf/2R7Tu8EiT5mJQCDe', NULL, NULL, NULL, NULL, 1, NULL, NULL, '2019-10-18 01:35:12'),
(4, 'OSAWA Hirotaka', 'osawa@iit.tsukuba.ac.jp', NULL, '$2y$10$0rhD5d6OJvJr2kRV.DOIXeU2U7fgNtTgefbUIVyUKctjbbNaTsld6', NULL, NULL, NULL, NULL, 1, NULL, '2019-10-06 05:03:14', '2019-10-06 05:03:14'),
(6, 'Matthew Sant', 'matsant6@gmail.com', NULL, '$2y$10$IcFB5zpS4fHxIaeTTqdVN.5zcaygmtI2Rh/l8wdjpc0i8pKMZ6dJm', '0427912834', '36 Stony Creek Road', '1998-04-11', 'https://www.google.com/search?q=r2d2&rlz=1C1CHZL_enAU730AU730&sxsrf=ACYBGNQoX7x_K7ZZv04atEza7fNrjke1YQ:1571304955679&tbm=isch&source=iu&ictx=1&fir=OMOir-xz8c-G0M%253A%252CSgOlYR_lglZz0M%252C%252Fm%252F0g_rg&vet=1&usg=AI4_-kTVU5WLZe5j-YfOD9ADr_NrNJ9GcQ&sa=', 1, 'sxeYt32uROxPiLU6Fq8It6UEueywY2QULYqn8CHA8YjbV5DYaHYIKnQZ6m12', '2019-10-09 20:22:12', '2019-10-17 09:43:12'),
(7, 'beji', '18030642@student.westernsydney.edu.au', NULL, '$2y$10$LVTbcmKMyT7XNToOQSw6H.gbQbS8NYAlctagMV7gtIodmJsdAWcHy', NULL, NULL, NULL, NULL, 1, NULL, '2019-10-12 01:22:14', '2019-10-27 06:10:30'),
(8, 'Peter John', 'Peter49@hotmail.com', NULL, '$2y$10$cM8xaeLwU2uPfmtLTGXGuO69yLNvcbbnJ3zfwOB383Qnm40MXUfIG', '0412484751', '2 Hayes road  seven hills', NULL, NULL, 1, NULL, '2019-10-13 10:07:54', '2019-10-13 10:07:54'),
(9, 'Adam', 'Adam360@gmail.com', NULL, '$2y$10$jTxgyPz8N1jsPUtqengUL.8aDAdwF3H/80gBKC4kWY3ts2RMovz2a', '0412484758', '36 Stony Creek Road ,Penrith 2750', '1998-04-11', 'Adam', 1, NULL, '2019-10-13 10:45:06', '2019-10-16 09:32:08'),
(10, 'Gabriel', 'Gabriel@yahoo.com', NULL, '$2y$10$ijzccp8tBAiDhA5LwNfuXebEDIHGBZUv/6NXLPKsL7sXH015H1Bpm', '0434865339', '21 Third Avenue  Prospect', NULL, 'Gabriel', 0, NULL, '2019-10-13 11:20:45', '2019-10-15 23:20:28'),
(12, 'Peter Parker', 'pparker@gmail.com', NULL, '$2y$10$e9p1tPHK7M9hfenPHrk/q.OvIFOBicvo3eMAGnrBAjX5eb2nj0Us6', NULL, NULL, NULL, NULL, 1, NULL, '2019-10-15 05:48:50', '2019-10-15 05:48:50'),
(13, 'Nhut Cuong Ha', 'hanhutcuong@gmail.com', NULL, '$2y$10$FrERUCUHtxYe3Iayg3o.NuxCgDODwkDfB/sJtG9U0a7J1cvhmW.e.', NULL, NULL, NULL, NULL, 1, NULL, '2019-10-16 02:07:00', '2019-10-16 02:07:00'),
(14, 'Test Final', 'Test@final.com', NULL, '$2y$10$RF7vhn.rJLYdU1HLlQAjNOzal.TVzPIxflKbrGXdfUCcXOXDo2mOi', NULL, NULL, NULL, NULL, 1, NULL, '2019-10-18 03:17:56', '2019-10-18 03:17:56'),
(15, 'Anthony', 'Anthony@hotmail.com', NULL, '$2y$10$NHckz.jTvFhFeRddwtTtJ.OzDRblecb0XEhqsQFCN/z09bNX.jDT6', NULL, NULL, NULL, NULL, 1, NULL, '2019-10-20 10:16:18', '2019-10-20 10:16:18'),
(16, 'Nhut Ha', '18055997@student.westernsydney.edu.au', NULL, '$2y$10$J/Ez9Z8sP00p3dJscff4v.BqN6z29uzrk0./JCu8SVLLqgsYQHUpi', NULL, NULL, NULL, NULL, 1, NULL, '2019-10-24 07:25:58', '2019-10-24 07:25:58'),
(17, 'Nhut Ha', 'uws18055997@gmail.com', NULL, '$2y$10$MtOS2455Uvs0vHFVm9ZS6.V4I2STjI7unWXCQGjqLWxl3BL73VHwC', '0450888222', 'Cabramatta NSW 2166', '1991-04-30', 'https://encrypted-tbn0.gstatic.com/images?q=tbn:ANd9GcR9xIkxDgYnFU5-RYULMGpf17UBdtJiRyTDfqRETe5GQZNfX1Oa&s', 0, NULL, '2019-10-24 07:46:30', '2019-10-31 05:54:54'),
(18, 'jono', 'ravenxiii@gmail.com', NULL, '$2y$10$3pUfobg4c0R6n0eLGEwISeg5E4RfTvc3U4Q/YF.tZKuo4FTCkPx8C', NULL, NULL, NULL, NULL, 1, NULL, '2019-10-31 05:48:40', '2019-10-31 05:48:40'),
(19, 'bob', 'bob@gmail.com', NULL, '$2y$10$lTgkEEoDEYUXkoy3nR1I0.YtZp1F/gwJuWrk79L7sEUGAM5lKnyOC', NULL, NULL, NULL, NULL, 1, NULL, '2019-10-31 05:49:00', '2019-10-31 05:49:00'),
(20, 'Test One', 'A.O\'Donnell@westernsydney.edu.au', NULL, '$2y$10$lpfDW1mlLVhEzR/KAyST2.pfbzljA8Lzv.F5.XNDdP/HvymH/ymRq', NULL, NULL, NULL, NULL, 0, NULL, '2019-10-31 05:49:34', '2019-10-31 05:54:28'),
(21, 'Jeewani Anupama Ginige', 'anupama.ginige@gmail.com', NULL, '$2y$10$wvSK2oxSUoLgSIl.ZPDbDu3c2LCixDa7DXcXZyeYmY2oRt4ruueaC', NULL, NULL, NULL, NULL, 1, NULL, '2019-10-31 05:51:09', '2019-10-31 05:51:09'),
(22, 'user', 'user@me.com', NULL, '$2y$10$dt/qvdwB9vaT/J09yf4.M.12QbcCQOe1KqAgdUVUD3gR0F3Zww9zy', NULL, NULL, NULL, NULL, 1, NULL, '2019-10-31 06:04:46', '2019-10-31 06:04:46');

--
-- Indexes for dumped tables
--

--
-- Indexes for table `comments`
--
ALTER TABLE `comments`
  ADD PRIMARY KEY (`id`),
  ADD KEY `comments_comment_id_foreign` (`comment_id`),
  ADD KEY `comments_robot_id_foreign` (`robot_id`),
  ADD KEY `comments_user_id_foreign` (`user_id`);

--
-- Indexes for table `input_types`
--
ALTER TABLE `input_types`
  ADD PRIMARY KEY (`id`),
  ADD UNIQUE KEY `input_types_type_unique` (`type`),
  ADD UNIQUE KEY `input_types_name_unique` (`name`);

--
-- Indexes for table `jobs`
--
ALTER TABLE `jobs`
  ADD PRIMARY KEY (`id`),
  ADD KEY `jobs_queue_index` (`queue`);

--
-- Indexes for table `mails`
--
ALTER TABLE `mails`
  ADD PRIMARY KEY (`id`),
  ADD KEY `mails_user_id_foreign` (`user_id`),
  ADD KEY `mails_sender_user_id_foreign` (`sender_user_id`);

--
-- Indexes for table `migrations`
--
ALTER TABLE `migrations`
  ADD PRIMARY KEY (`id`);

--
-- Indexes for table `options`
--
ALTER TABLE `options`
  ADD PRIMARY KEY (`id`),
  ADD UNIQUE KEY `options_property_id_option_unique` (`property_id`,`option`);

--
-- Indexes for table `password_resets`
--
ALTER TABLE `password_resets`
  ADD KEY `password_resets_email_index` (`email`);

--
-- Indexes for table `properties`
--
ALTER TABLE `properties`
  ADD PRIMARY KEY (`id`),
  ADD UNIQUE KEY `properties_name_unique` (`name`),
  ADD KEY `properties_input_type_id_foreign` (`input_type_id`);

--
-- Indexes for table `reports`
--
ALTER TABLE `reports`
  ADD PRIMARY KEY (`id`),
  ADD KEY `reports_robot_id_foreign` (`robot_id`),
  ADD KEY `reports_user_id_foreign` (`user_id`);

--
-- Indexes for table `robots`
--
ALTER TABLE `robots`
  ADD PRIMARY KEY (`id`),
  ADD KEY `robots_user_id_foreign` (`user_id`);

--
-- Indexes for table `robot_infos`
--
ALTER TABLE `robot_infos`
  ADD PRIMARY KEY (`id`),
  ADD UNIQUE KEY `robot_infos_robot_id_property_id_unique` (`robot_id`,`property_id`),
  ADD KEY `robot_infos_property_id_foreign` (`property_id`);

--
-- Indexes for table `saved_lists`
--
ALTER TABLE `saved_lists`
  ADD PRIMARY KEY (`id`),
  ADD UNIQUE KEY `saved_lists_user_id_robot_id_unique` (`user_id`,`robot_id`),
  ADD KEY `saved_lists_robot_id_foreign` (`robot_id`);

--
-- Indexes for table `subscribes`
--
ALTER TABLE `subscribes`
  ADD PRIMARY KEY (`id`),
  ADD UNIQUE KEY `subscribes_email_unique` (`email`);

--
-- Indexes for table `users`
--
ALTER TABLE `users`
  ADD PRIMARY KEY (`id`),
  ADD UNIQUE KEY `users_email_unique` (`email`);

--
-- AUTO_INCREMENT for dumped tables
--

--
-- AUTO_INCREMENT for table `comments`
--
ALTER TABLE `comments`
  MODIFY `id` bigint(20) UNSIGNED NOT NULL AUTO_INCREMENT, AUTO_INCREMENT=33;

--
-- AUTO_INCREMENT for table `input_types`
--
ALTER TABLE `input_types`
  MODIFY `id` tinyint(3) UNSIGNED NOT NULL AUTO_INCREMENT, AUTO_INCREMENT=6;

--
-- AUTO_INCREMENT for table `jobs`
--
ALTER TABLE `jobs`
  MODIFY `id` bigint(20) UNSIGNED NOT NULL AUTO_INCREMENT, AUTO_INCREMENT=177;

--
-- AUTO_INCREMENT for table `mails`
--
ALTER TABLE `mails`
  MODIFY `id` bigint(20) UNSIGNED NOT NULL AUTO_INCREMENT;

--
-- AUTO_INCREMENT for table `migrations`
--
ALTER TABLE `migrations`
  MODIFY `id` int(10) UNSIGNED NOT NULL AUTO_INCREMENT, AUTO_INCREMENT=437;

--
-- AUTO_INCREMENT for table `options`
--
ALTER TABLE `options`
  MODIFY `id` tinyint(3) UNSIGNED NOT NULL AUTO_INCREMENT, AUTO_INCREMENT=148;

--
-- AUTO_INCREMENT for table `properties`
--
ALTER TABLE `properties`
  MODIFY `id` tinyint(3) UNSIGNED NOT NULL AUTO_INCREMENT, AUTO_INCREMENT=61;

--
-- AUTO_INCREMENT for table `reports`
--
ALTER TABLE `reports`
  MODIFY `id` bigint(20) UNSIGNED NOT NULL AUTO_INCREMENT;

--
-- AUTO_INCREMENT for table `robots`
--
ALTER TABLE `robots`
  MODIFY `id` bigint(20) UNSIGNED NOT NULL AUTO_INCREMENT, AUTO_INCREMENT=158;

--
-- AUTO_INCREMENT for table `robot_infos`
--
ALTER TABLE `robot_infos`
  MODIFY `id` bigint(20) UNSIGNED NOT NULL AUTO_INCREMENT, AUTO_INCREMENT=2143;

--
-- AUTO_INCREMENT for table `saved_lists`
--
ALTER TABLE `saved_lists`
  MODIFY `id` bigint(20) UNSIGNED NOT NULL AUTO_INCREMENT, AUTO_INCREMENT=23;

--
-- AUTO_INCREMENT for table `subscribes`
--
ALTER TABLE `subscribes`
  MODIFY `id` bigint(20) UNSIGNED NOT NULL AUTO_INCREMENT;

--
-- AUTO_INCREMENT for table `users`
--
ALTER TABLE `users`
  MODIFY `id` bigint(20) UNSIGNED NOT NULL AUTO_INCREMENT, AUTO_INCREMENT=23;

--
-- Constraints for dumped tables
--

--
-- Constraints for table `comments`
--
ALTER TABLE `comments`
  ADD CONSTRAINT `comments_comment_id_foreign` FOREIGN KEY (`comment_id`) REFERENCES `comments` (`id`) ON DELETE SET NULL ON UPDATE CASCADE,
  ADD CONSTRAINT `comments_robot_id_foreign` FOREIGN KEY (`robot_id`) REFERENCES `robots` (`id`) ON DELETE CASCADE ON UPDATE CASCADE,
  ADD CONSTRAINT `comments_user_id_foreign` FOREIGN KEY (`user_id`) REFERENCES `users` (`id`) ON DELETE SET NULL ON UPDATE CASCADE;

--
-- Constraints for table `mails`
--
ALTER TABLE `mails`
  ADD CONSTRAINT `mails_sender_user_id_foreign` FOREIGN KEY (`sender_user_id`) REFERENCES `users` (`id`) ON DELETE SET NULL ON UPDATE CASCADE,
  ADD CONSTRAINT `mails_user_id_foreign` FOREIGN KEY (`user_id`) REFERENCES `users` (`id`) ON DELETE SET NULL ON UPDATE CASCADE;

--
-- Constraints for table `options`
--
ALTER TABLE `options`
  ADD CONSTRAINT `options_property_id_foreign` FOREIGN KEY (`property_id`) REFERENCES `properties` (`id`) ON DELETE CASCADE ON UPDATE CASCADE;

--
-- Constraints for table `properties`
--
ALTER TABLE `properties`
  ADD CONSTRAINT `properties_input_type_id_foreign` FOREIGN KEY (`input_type_id`) REFERENCES `input_types` (`id`) ON DELETE CASCADE ON UPDATE CASCADE;

--
-- Constraints for table `reports`
--
ALTER TABLE `reports`
  ADD CONSTRAINT `reports_robot_id_foreign` FOREIGN KEY (`robot_id`) REFERENCES `robots` (`id`) ON DELETE CASCADE ON UPDATE CASCADE,
  ADD CONSTRAINT `reports_user_id_foreign` FOREIGN KEY (`user_id`) REFERENCES `users` (`id`) ON DELETE SET NULL ON UPDATE CASCADE;

--
-- Constraints for table `robots`
--
ALTER TABLE `robots`
  ADD CONSTRAINT `robots_user_id_foreign` FOREIGN KEY (`user_id`) REFERENCES `users` (`id`) ON DELETE SET NULL ON UPDATE CASCADE;

--
-- Constraints for table `robot_infos`
--
ALTER TABLE `robot_infos`
  ADD CONSTRAINT `robot_infos_property_id_foreign` FOREIGN KEY (`property_id`) REFERENCES `properties` (`id`) ON DELETE CASCADE ON UPDATE CASCADE,
  ADD CONSTRAINT `robot_infos_robot_id_foreign` FOREIGN KEY (`robot_id`) REFERENCES `robots` (`id`) ON DELETE CASCADE ON UPDATE CASCADE;

--
-- Constraints for table `saved_lists`
--
ALTER TABLE `saved_lists`
  ADD CONSTRAINT `saved_lists_robot_id_foreign` FOREIGN KEY (`robot_id`) REFERENCES `robots` (`id`) ON DELETE CASCADE ON UPDATE CASCADE,
  ADD CONSTRAINT `saved_lists_user_id_foreign` FOREIGN KEY (`user_id`) REFERENCES `users` (`id`) ON DELETE CASCADE ON UPDATE CASCADE;
COMMIT;

/*!40101 SET CHARACTER_SET_CLIENT=@OLD_CHARACTER_SET_CLIENT */;
/*!40101 SET CHARACTER_SET_RESULTS=@OLD_CHARACTER_SET_RESULTS */;
/*!40101 SET COLLATION_CONNECTION=@OLD_COLLATION_CONNECTION */;
